building_type,floors,rooms,capacity,area,extinguishers,sprinklers,smoke_detectors,fire_alarms,status
educational,19,65,187,40089,81,31,33,6,safe
commercial,39,127,717,43998,87,64,65,12,safe
residential,23,196,807,25897,49,100,99,6,safe
commercial,14,108,697,44395,89,53,53,5,safe
residential,20,136,544,41034,83,67,67,7,safe
educational,30,198,231,29645,61,100,99,11,unsafe
industrial,44,104,704,37565,76,51,52,14,safe
residential,45,50,664,44722,87,24,25,15,safe
commercial,50,82,492,13655,28,43,41,16,unsafe
commercial,43,153,540,29115,58,78,75,14,safe
residential,45,120,163,18717,36,60,62,16,safe
industrial,22,70,710,38828,76,35,35,6,safe
commercial,31,92,490,30017,62,46,45,10,safe
commercial,24,85,90,18293,36,42,41,8,safe
educational,40,187,471,35347,71,95,92,13,safe
industrial,19,195,288,11566,24,96,99,7,safe
educational,19,23,986,15795,30,12,12,5,safe
commercial,24,87,892,15238,29,45,42,9,safe
residential,22,14,374,15211,31,8,7,8,unsafe
industrial,48,83,803,4697,7,40,42,15,safe
educational,16,63,345,27063,56,31,33,4,safe
educational,20,199,642,29145,60,101,98,7,safe
residential,13,30,318,23208,44,14,14,4,safe
commercial,13,166,251,45261,90,82,82,3,safe
commercial,46,158,955,26687,54,80,78,16,safe
industrial,33,113,935,46987,91,58,57,10,safe
educational,47,156,71,24922,49,80,79,15,unsafe
educational,24,59,878,4636,10,29,30,8,unsafe
residential,32,136,605,40519,80,70,67,11,safe
industrial,12,139,969,29309,60,68,71,4,safe
industrial,29,138,16,47643,95,68,70,8,safe
educational,50,98,962,39115,78,48,51,17,safe
industrial,49,83,454,27154,52,42,41,16,safe
industrial,46,7,587,2723,6,3,5,14,safe
industrial,20,104,68,21093,43,53,51,7,safe
residential,19,87,361,15070,28,45,44,5,safe
industrial,5,130,689,21200,44,66,67,1,unsafe
industrial,7,68,261,22676,47,35,34,1,safe
industrial,13,140,136,15690,31,69,70,5,safe
residential,14,190,286,34653,68,94,95,5,safe
industrial,22,56,595,18076,36,30,29,8,unsafe
commercial,6,149,186,20372,42,74,74,3,unsafe
industrial,10,167,525,33193,67,82,82,3,safe
industrial,30,29,589,19277,38,14,14,11,unsafe
industrial,3,142,520,41778,82,70,73,1,safe
industrial,49,176,910,25779,51,89,89,16,unsafe
commercial,8,69,429,42574,86,34,35,1,safe
educational,38,134,389,32056,63,66,67,13,safe
industrial,14,56,677,41321,82,27,28,4,safe
educational,47,103,163,37571,77,52,51,15,unsafe
residential,39,46,43,17331,32,23,24,12,safe
commercial,22,164,893,25492,48,83,81,6,safe
industrial,46,104,211,13459,26,53,52,15,unsafe
educational,37,186,88,28760,58,95,94,13,unsafe
commercial,47,60,728,36454,73,29,31,14,safe
residential,7,101,240,27553,53,51,51,3,safe
educational,42,189,709,15727,29,93,94,13,safe
residential,38,20,105,21270,40,11,12,13,safe
commercial,41,58,591,40048,82,30,28,14,safe
industrial,33,43,583,31994,65,23,20,11,safe
residential,24,163,162,8662,19,82,83,9,unsafe
residential,23,87,19,48353,94,43,45,7,safe
educational,50,155,317,23587,46,78,77,16,safe
educational,3,126,462,44970,88,65,64,2,safe
educational,25,106,83,24862,49,54,54,8,unsafe
educational,43,77,349,29856,61,39,37,14,safe
educational,7,164,498,38849,77,84,81,3,safe
industrial,37,151,111,25813,51,74,74,12,safe
commercial,15,116,257,42730,86,60,59,4,safe
educational,30,6,809,35189,70,5,2,11,safe
industrial,13,10,594,37757,76,4,7,3,safe
educational,32,170,286,41088,80,87,84,9,safe
industrial,16,165,961,30518,61,81,81,5,safe
educational,38,149,554,23007,45,73,75,11,safe
industrial,12,35,291,38889,79,16,18,3,safe
educational,5,53,790,36715,72,26,27,1,safe
industrial,28,51,329,48198,94,24,25,10,safe
residential,19,5,450,43094,88,4,1,7,safe
residential,43,167,210,6295,12,82,84,13,safe
educational,21,42,387,1778,2,20,23,8,safe
industrial,17,9,309,48091,95,3,4,5,safe
educational,35,93,140,11849,21,48,46,10,safe
commercial,16,45,805,1699,4,23,22,5,unsafe
educational,50,60,708,39163,79,30,32,15,safe
commercial,2,90,947,18090,36,45,45,1,unsafe
commercial,31,75,225,48535,97,37,39,11,unsafe
residential,12,147,925,23946,49,74,73,3,safe
residential,19,128,232,38904,77,66,63,7,safe
industrial,30,49,60,758,1,26,25,9,safe
industrial,39,35,747,1786,2,19,16,12,safe
commercial,4,50,507,26987,55,25,26,2,unsafe
commercial,40,129,740,23815,48,64,64,14,unsafe
residential,12,23,580,28580,58,13,10,4,safe
industrial,21,197,817,4825,9,100,99,6,safe
commercial,35,197,659,37636,74,97,97,11,safe
residential,16,36,702,26764,52,18,20,5,safe
educational,37,184,670,31309,60,92,92,13,safe
industrial,20,123,702,44528,87,60,61,6,safe
educational,38,48,253,10238,19,24,23,13,safe
residential,46,169,943,17514,37,85,86,14,safe
industrial,6,64,913,2699,6,33,32,3,unsafe
commercial,7,68,224,2837,3,35,34,1,safe
educational,4,111,262,6913,13,55,56,1,unsafe
industrial,43,48,309,18319,37,26,23,15,safe
commercial,32,72,942,43048,85,35,37,11,safe
industrial,22,20,850,41534,82,11,11,6,safe
industrial,10,29,712,34215,66,14,13,2,safe
industrial,7,129,217,16247,32,66,66,3,unsafe
commercial,50,33,495,34468,68,18,17,17,unsafe
residential,28,136,908,16493,33,68,67,9,safe
educational,12,22,610,35382,72,11,13,5,unsafe
commercial,32,86,616,44494,89,44,43,11,unsafe
industrial,32,15,732,26884,55,7,6,11,safe
residential,32,114,397,12461,23,57,59,11,safe
residential,36,144,547,17136,34,71,73,13,safe
residential,43,135,484,21312,43,66,68,13,safe
industrial,34,189,785,46558,95,93,96,12,safe
residential,40,108,101,19804,37,56,56,12,safe
residential,25,32,127,30593,61,15,16,8,safe
residential,42,27,108,15204,31,15,15,14,unsafe
residential,40,28,491,22645,45,14,16,12,safe
commercial,25,179,74,26459,50,88,89,8,safe
industrial,30,97,300,34721,68,49,48,9,safe
industrial,33,26,48,38774,76,14,14,10,safe
educational,30,185,464,40589,81,93,93,11,unsafe
commercial,18,112,941,29715,60,57,57,6,unsafe
residential,8,33,911,10525,20,15,15,3,safe
industrial,27,161,648,43254,88,79,81,10,safe
residential,23,16,932,49798,98,10,9,7,safe
commercial,31,104,441,23359,46,53,51,9,safe
educational,48,146,622,39925,77,74,75,17,safe
commercial,48,197,85,40824,82,100,99,17,unsafe
residential,14,89,445,16224,34,44,45,4,unsafe
commercial,31,198,774,38875,75,99,101,9,safe
educational,15,192,687,5676,9,97,95,5,safe
industrial,8,181,723,12276,23,92,92,1,safe
industrial,44,67,828,18398,38,35,32,13,safe
industrial,36,183,606,4218,6,90,93,13,safe
industrial,45,46,285,43462,85,22,25,16,safe
commercial,46,107,552,14630,31,52,52,16,safe
industrial,3,189,185,25135,51,94,95,1,unsafe
industrial,34,43,381,11692,21,22,23,11,safe
residential,18,177,529,23503,49,87,88,6,safe
educational,5,175,234,22595,46,89,87,1,unsafe
industrial,45,60,252,44392,87,31,29,14,safe
commercial,46,78,572,46060,90,38,39,14,safe
residential,25,164,667,49328,96,83,84,8,safe
commercial,49,42,422,38402,77,21,20,16,safe
industrial,42,117,268,41077,81,59,57,15,safe
residential,43,108,633,12118,26,55,55,15,unsafe
commercial,41,69,560,40154,80,34,36,12,safe
residential,38,123,684,45702,92,62,60,12,safe
educational,35,73,511,41123,84,35,38,10,safe
residential,47,166,268,14908,27,82,82,15,safe
residential,18,157,789,49554,97,78,78,7,safe
commercial,35,68,136,18849,38,34,33,10,safe
residential,29,104,810,25935,50,54,53,8,safe
educational,12,64,516,12425,26,32,33,5,unsafe
commercial,50,196,129,5537,10,98,97,16,safe
educational,48,24,167,16105,33,14,14,15,safe
commercial,5,56,111,23785,48,28,28,2,unsafe
educational,15,97,613,14274,26,49,49,6,safe
commercial,16,81,730,12829,25,39,41,4,safe
industrial,21,124,294,781,1,64,62,7,unsafe
commercial,36,190,411,38081,77,94,95,12,safe
residential,18,50,173,26688,53,27,26,5,safe
commercial,42,122,599,38712,75,63,63,15,safe
residential,47,98,373,40465,81,49,49,15,unsafe
educational,33,180,549,31138,63,91,92,12,unsafe
educational,27,11,418,8795,17,5,7,9,unsafe
residential,23,117,638,39294,77,60,59,8,safe
commercial,35,97,805,13437,27,49,48,12,unsafe
commercial,21,100,36,32140,65,50,52,7,unsafe
educational,34,101,259,39893,79,51,51,10,safe
commercial,45,102,836,6819,12,53,51,16,safe
residential,11,103,451,6081,13,51,52,4,unsafe
commercial,33,129,440,40992,80,65,64,11,safe
industrial,48,93,357,23710,45,47,45,16,safe
educational,42,82,843,40364,78,43,43,15,safe
educational,25,188,743,4516,11,95,93,8,safe
industrial,18,108,859,22761,45,55,55,7,unsafe
residential,4,144,815,38481,77,73,73,1,unsafe
educational,37,5,102,44894,88,2,2,11,safe
educational,34,163,20,24788,51,80,82,10,safe
commercial,34,32,799,10849,20,17,17,10,safe
commercial,10,125,890,42080,84,61,64,3,safe
educational,38,74,696,24741,47,36,38,11,safe
commercial,24,198,654,7156,16,99,100,9,unsafe
educational,26,120,266,35858,72,60,60,8,unsafe
residential,50,113,631,5439,10,56,57,16,unsafe
residential,10,117,419,7689,17,57,57,3,safe
residential,2,70,876,42338,82,34,37,1,safe
residential,1,24,452,15148,32,11,14,1,safe
residential,6,28,428,32272,62,14,15,1,safe
educational,32,69,628,10663,23,33,33,11,safe
commercial,41,17,352,27817,55,9,8,12,safe
commercial,22,180,879,37174,74,92,90,7,unsafe
commercial,49,138,119,18382,38,69,68,16,safe
industrial,42,130,673,24212,48,65,65,14,unsafe
commercial,50,69,262,8690,19,34,35,16,unsafe
commercial,18,44,138,12142,22,21,23,6,safe
industrial,9,191,678,21516,44,94,94,4,safe
industrial,38,8,714,41049,81,3,5,13,safe
residential,45,112,537,10619,23,57,57,14,safe
residential,28,18,540,42429,83,8,10,10,safe
commercial,28,62,707,46733,94,32,33,10,unsafe
industrial,31,38,386,17142,34,20,18,9,safe
educational,23,134,427,3185,5,69,69,6,safe
industrial,2,140,99,38585,79,70,69,1,safe
commercial,20,102,859,21427,40,53,50,7,safe
commercial,49,62,927,21807,45,30,32,16,safe
residential,40,170,264,5325,10,87,86,13,unsafe
industrial,5,85,971,3527,6,42,41,1,safe
residential,21,152,883,18777,36,75,78,6,safe
commercial,35,145,19,36766,75,73,72,11,unsafe
industrial,48,111,321,29897,58,57,54,17,safe
commercial,49,162,68,11891,24,82,81,17,unsafe
industrial,31,168,405,20997,43,85,85,10,unsafe
commercial,49,42,696,49679,101,21,20,16,safe
residential,36,197,859,30985,60,97,97,12,safe
educational,20,76,250,5642,13,39,37,6,safe
educational,47,149,423,15797,31,73,75,16,safe
residential,3,16,791,26752,51,8,9,2,safe
residential,26,130,672,15470,28,67,64,7,safe
residential,9,61,639,3190,7,30,29,2,safe
commercial,20,41,150,8802,17,21,21,6,unsafe
educational,25,53,736,10340,20,26,27,9,unsafe
industrial,29,93,482,24220,48,48,45,9,safe
educational,3,186,390,39079,76,93,92,1,safe
commercial,15,37,582,9581,20,18,17,4,safe
residential,24,78,784,10451,22,41,40,9,unsafe
industrial,15,5,710,28005,54,4,4,6,safe
industrial,13,72,37,34813,68,37,37,5,safe
commercial,1,135,464,33039,64,68,67,1,safe
commercial,27,13,102,23086,47,6,7,8,safe
educational,6,96,294,6563,11,49,49,2,safe
residential,5,14,715,49777,99,6,6,1,safe
residential,41,127,655,29613,57,62,63,13,safe
educational,29,111,248,35124,72,57,55,8,safe
educational,15,54,346,3257,5,29,29,6,safe
educational,37,61,348,1065,4,32,30,11,safe
educational,3,180,77,12269,22,90,91,1,safe
educational,33,131,545,18356,36,66,65,11,unsafe
industrial,43,175,781,40011,81,86,89,15,safe
educational,21,86,604,20694,41,45,44,6,safe
educational,10,169,483,24714,49,84,86,3,unsafe
educational,37,79,193,42639,87,41,40,13,unsafe
commercial,12,47,719,4133,6,24,23,5,safe
educational,24,83,910,2386,6,43,43,8,unsafe
educational,9,200,112,48863,98,100,100,4,unsafe
industrial,41,93,897,23377,48,45,47,14,safe
industrial,42,177,602,9579,18,90,90,15,safe
industrial,13,117,339,16323,33,58,57,4,safe
industrial,27,44,858,23711,48,21,24,10,safe
residential,42,170,319,20807,39,86,85,14,safe
industrial,29,136,673,34942,68,68,70,10,safe
educational,2,131,426,8978,19,65,66,1,unsafe
commercial,50,89,137,29576,59,44,46,17,unsafe
residential,11,55,45,6507,11,29,28,3,safe
commercial,4,121,699,23611,48,62,61,2,unsafe
commercial,7,184,851,2382,2,94,92,1,safe
commercial,46,23,1000,27370,56,11,10,15,safe
industrial,9,111,244,30478,60,54,56,4,safe
residential,45,187,936,2884,7,95,92,14,safe
industrial,43,10,962,48345,95,6,5,14,safe
residential,13,164,152,38509,77,81,82,4,safe
industrial,38,23,483,30356,59,10,10,12,safe
industrial,1,112,831,35340,70,58,56,1,unsafe
commercial,9,131,767,7047,12,64,67,4,safe
educational,28,62,422,18972,36,30,33,10,safe
residential,10,145,376,33846,66,74,72,3,safe
residential,32,79,67,26822,52,39,41,11,safe
educational,36,148,701,39301,78,76,76,11,safe
residential,3,31,966,40827,80,14,15,1,safe
industrial,48,68,212,20556,42,35,33,16,safe
educational,39,128,883,44995,87,64,64,12,safe
commercial,34,131,650,11781,25,64,65,12,safe
residential,31,62,60,48472,98,33,31,9,safe
commercial,10,98,533,2278,5,50,48,4,safe
commercial,50,87,926,35730,71,45,45,17,unsafe
industrial,31,119,830,31915,61,59,58,11,safe
educational,7,75,386,40930,81,38,39,2,unsafe
industrial,36,70,822,40534,83,34,37,12,safe
commercial,25,78,932,16151,34,41,40,9,unsafe
industrial,14,110,315,46375,94,57,54,3,safe
commercial,19,32,684,21609,42,18,16,5,safe
educational,25,152,301,20173,42,75,76,8,safe
residential,1,166,63,33360,68,85,85,1,unsafe
educational,41,98,263,10005,20,50,48,13,safe
residential,23,132,482,21319,44,66,68,8,unsafe
industrial,27,80,494,27237,54,42,41,10,unsafe
educational,50,78,422,20879,43,38,40,15,safe
educational,16,9,695,4454,8,3,3,6,safe
residential,40,37,547,29850,57,20,18,12,safe
educational,7,60,722,8262,16,31,30,1,safe
industrial,24,169,764,10370,21,86,84,7,safe
industrial,11,6,936,40094,82,4,4,2,safe
educational,25,173,949,645,1,88,88,7,safe
residential,32,57,102,20139,40,29,29,9,safe
residential,40,68,894,24456,46,36,34,13,safe
commercial,18,98,880,18909,37,48,51,6,safe
residential,10,59,556,4664,10,31,28,4,safe
industrial,36,86,116,2182,2,44,44,13,safe
educational,18,109,945,43436,86,56,55,6,unsafe
residential,24,195,788,26152,54,99,97,9,unsafe
residential,7,18,610,5303,10,11,8,1,safe
educational,33,149,499,36862,74,73,73,12,safe
residential,25,25,433,47438,93,11,14,7,safe
industrial,3,91,956,33126,65,47,44,2,safe
industrial,46,49,714,2233,2,26,26,16,safe
residential,30,131,618,12665,26,64,64,9,safe
residential,20,189,167,7831,15,95,95,7,unsafe
industrial,46,29,113,38959,79,16,14,14,safe
residential,43,9,195,24930,50,3,3,15,safe
educational,6,197,634,14218,30,100,98,3,unsafe
commercial,26,68,272,9447,19,35,35,7,safe
residential,11,62,508,866,3,33,31,2,safe
commercial,39,42,325,20386,38,21,23,12,safe
educational,27,39,810,8596,15,19,19,9,safe
educational,24,61,698,6980,12,32,30,9,safe
educational,16,13,173,15614,30,5,8,6,safe
commercial,29,111,423,41958,83,56,54,8,safe
commercial,4,184,66,21739,44,92,94,1,unsafe
industrial,47,129,241,12572,25,64,66,14,safe
commercial,5,166,320,39934,79,82,83,1,safe
educational,17,117,482,9157,18,59,58,6,unsafe
industrial,48,198,516,42599,87,99,100,15,safe
commercial,46,47,943,13065,27,24,24,15,unsafe
residential,43,78,824,21531,43,38,38,14,safe
commercial,1,148,949,10078,18,73,73,1,safe
educational,33,58,28,25900,50,30,31,11,safe
commercial,2,63,950,15178,32,32,30,1,safe
educational,22,182,434,5426,9,92,93,7,safe
residential,32,64,269,11769,22,33,34,11,safe
commercial,11,65,116,37953,77,32,33,2,safe
commercial,6,88,437,4301,9,46,43,3,safe
residential,14,170,337,49085,98,86,87,4,unsafe
industrial,2,175,144,25226,48,87,86,1,safe
educational,28,131,269,41616,83,67,66,8,safe
industrial,41,61,550,40532,83,31,30,14,unsafe
industrial,42,99,955,17972,36,51,50,14,unsafe
residential,6,86,972,27219,55,43,44,1,safe
educational,49,43,684,47777,94,23,21,15,safe
educational,14,27,922,1834,1,12,14,3,safe
residential,36,137,582,48226,97,70,70,11,safe
commercial,20,140,576,8084,16,72,71,6,unsafe
industrial,27,110,388,12299,24,55,55,10,unsafe
commercial,14,172,248,9612,21,87,85,5,safe
commercial,25,101,319,4921,8,50,49,9,safe
industrial,39,67,422,41055,81,32,32,12,safe
commercial,20,113,983,24860,47,58,58,7,safe
industrial,16,38,130,34794,67,20,20,6,safe
commercial,24,54,36,41522,84,26,27,8,safe
residential,16,32,931,37403,74,18,17,4,safe
commercial,12,70,30,21009,44,36,34,5,safe
residential,45,133,106,23007,45,66,65,15,safe
educational,5,131,706,34636,69,66,65,2,unsafe
commercial,36,82,267,49720,100,43,40,13,safe
educational,27,78,615,42592,85,39,38,9,safe
residential,16,186,216,30359,59,94,94,4,safe
educational,32,32,573,45085,88,15,15,10,safe
commercial,14,37,74,11290,20,20,19,3,safe
educational,19,196,844,11583,25,97,97,6,safe
commercial,8,87,967,705,1,45,45,2,unsafe
residential,36,170,102,9409,20,84,86,13,safe
residential,49,45,780,44761,88,24,21,15,safe
residential,23,47,184,44360,86,25,22,8,safe
educational,40,83,429,34675,69,43,41,13,unsafe
industrial,22,154,358,10754,21,76,78,6,safe
commercial,6,40,706,15170,32,21,20,1,safe
commercial,18,51,804,17851,34,24,27,5,safe
industrial,47,45,67,38229,76,24,22,16,unsafe
industrial,4,65,638,35566,69,31,34,1,safe
commercial,10,200,177,49321,99,101,101,2,safe
commercial,4,61,792,5974,10,30,30,2,safe
residential,26,124,40,41725,82,61,63,9,safe
educational,30,102,73,5901,9,50,50,9,safe
residential,19,30,958,7697,16,14,14,6,safe
residential,20,106,695,39912,77,54,54,7,safe
educational,31,22,718,6648,14,11,10,11,safe
industrial,18,55,59,6390,13,28,28,6,unsafe
residential,15,82,221,18429,34,42,40,6,safe
industrial,50,153,572,12225,26,78,76,15,safe
educational,39,70,169,7617,15,34,36,12,safe
industrial,1,133,98,35914,73,67,68,1,unsafe
commercial,41,69,465,26045,53,35,33,14,safe
commercial,23,26,525,38523,78,13,15,6,safe
residential,28,128,476,6899,12,66,64,9,safe
commercial,32,104,125,17029,35,54,51,9,safe
industrial,36,138,334,23051,46,71,68,13,safe
educational,16,128,244,18933,36,66,64,6,safe
educational,48,172,953,28503,58,85,88,16,safe
educational,7,114,765,42904,83,58,56,3,safe
educational,20,199,287,4454,10,98,100,7,safe
industrial,6,110,541,24316,49,56,56,3,unsafe
residential,21,11,298,20218,41,5,7,8,unsafe
commercial,24,10,964,24569,50,4,4,8,safe
commercial,10,126,260,1620,2,65,62,4,safe
educational,45,137,92,790,3,70,68,15,unsafe
industrial,17,90,748,2965,7,47,44,5,safe
industrial,48,177,345,22615,45,88,90,17,unsafe
industrial,36,36,60,45775,93,19,20,12,unsafe
educational,31,138,744,14663,27,69,70,11,safe
residential,3,84,417,17953,33,41,41,2,safe
educational,14,165,432,19174,40,83,83,4,unsafe
residential,5,108,886,30294,59,53,53,1,safe
commercial,27,147,73,46049,94,73,74,8,safe
industrial,45,192,446,27620,57,98,95,16,safe
residential,5,92,46,6176,12,45,47,1,safe
commercial,26,70,370,9312,16,34,36,8,safe
residential,30,115,555,22856,46,57,59,9,safe
commercial,9,196,716,36498,73,97,100,4,safe
educational,42,81,32,45958,90,40,40,13,safe
educational,40,65,250,3735,7,31,32,12,safe
educational,41,91,33,41820,85,45,45,14,unsafe
educational,25,47,105,49216,96,23,24,7,safe
educational,3,19,889,47243,92,8,11,1,safe
educational,22,57,163,26434,50,29,27,8,safe
commercial,47,135,319,39420,80,67,67,14,safe
industrial,1,163,224,14502,28,83,83,1,safe
educational,38,187,329,2136,4,92,94,12,safe
commercial,3,151,584,47255,93,74,77,1,safe
residential,22,68,777,41109,80,36,34,8,safe
industrial,27,40,231,26144,51,21,19,8,safe
educational,46,185,696,40211,82,91,91,15,safe
educational,42,139,918,21113,41,69,68,15,safe
educational,44,99,120,10573,22,48,48,15,safe
educational,21,169,855,18166,38,85,86,7,unsafe
industrial,34,81,401,17479,35,40,39,12,safe
residential,36,175,449,23259,44,89,86,12,safe
educational,32,78,661,12109,24,40,38,11,safe
residential,41,69,86,3554,7,34,35,12,safe
residential,30,44,612,35525,73,24,23,11,unsafe
residential,25,70,849,40074,80,34,37,7,safe
commercial,15,161,62,49760,101,80,80,4,safe
commercial,3,137,523,38578,76,68,70,2,safe
educational,2,75,645,34026,67,36,38,1,safe
residential,15,180,782,8344,16,90,92,5,unsafe
residential,14,48,144,19285,39,26,26,3,safe
industrial,44,197,770,11159,21,97,100,14,safe
commercial,46,57,610,4572,8,27,27,16,safe
educational,19,40,97,19284,36,21,22,6,safe
industrial,28,128,833,21989,43,65,65,10,unsafe
residential,28,31,187,32424,62,16,15,8,safe
commercial,38,62,628,21614,44,30,31,12,safe
residential,34,131,421,24381,49,65,65,10,safe
industrial,15,95,477,6614,11,46,46,5,safe
industrial,42,90,269,2849,3,44,45,14,safe
educational,29,118,815,14003,28,59,59,8,safe
industrial,3,194,759,43297,87,99,99,2,unsafe
educational,1,31,874,33625,67,14,14,1,safe
educational,18,194,224,33187,64,96,96,5,safe
commercial,41,26,420,30378,58,15,14,14,safe
educational,7,131,904,42211,83,66,66,3,safe
residential,4,188,386,10363,20,95,93,1,safe
industrial,14,154,270,48299,98,77,77,4,unsafe
industrial,37,66,558,37871,76,33,34,11,safe
commercial,47,102,204,9768,19,51,50,15,safe
educational,5,178,522,5898,13,90,91,1,unsafe
commercial,34,128,569,7663,14,65,66,10,safe
educational,28,38,719,16391,31,21,20,8,safe
industrial,47,94,590,27939,54,47,46,15,safe
industrial,6,113,685,18901,36,57,57,3,safe
commercial,49,87,668,13951,25,42,44,17,safe
commercial,29,154,658,45467,91,77,77,10,unsafe
industrial,41,174,130,49057,97,86,87,12,safe
commercial,24,51,995,16997,32,25,26,8,safe
commercial,23,165,269,40618,82,83,83,8,unsafe
commercial,45,173,851,8065,18,87,85,14,safe
educational,30,125,994,28135,54,63,64,9,safe
educational,48,184,820,37520,76,91,91,16,safe
educational,3,132,665,1527,2,65,68,1,safe
industrial,27,54,695,38723,77,27,28,9,unsafe
educational,43,52,117,28714,58,28,25,13,safe
residential,50,92,236,30254,61,47,47,15,safe
residential,24,163,796,25946,52,81,81,7,safe
residential,35,12,155,29942,57,5,7,12,safe
industrial,33,124,431,33371,68,62,61,11,safe
educational,2,173,991,20060,38,85,88,1,safe
commercial,46,19,432,24126,49,10,9,15,unsafe
commercial,17,52,192,49093,99,27,27,4,safe
residential,21,105,481,45321,88,52,53,8,safe
industrial,23,46,167,21612,44,22,24,6,safe
residential,25,160,645,9830,18,80,82,7,safe
educational,2,136,913,18238,35,68,67,1,safe
industrial,15,140,243,5028,10,69,71,5,safe
residential,11,125,651,30391,60,63,63,3,unsafe
industrial,10,182,235,19429,39,91,93,4,unsafe
industrial,17,53,795,35836,72,27,26,4,safe
educational,19,76,345,40565,83,39,40,6,unsafe
industrial,22,47,949,35351,69,25,24,8,safe
industrial,24,56,327,37775,73,29,28,7,safe
commercial,50,32,355,43857,89,17,18,15,safe
industrial,28,130,903,25101,49,67,65,9,safe
industrial,50,24,99,14143,30,12,12,16,unsafe
educational,34,161,404,29153,58,79,82,11,safe
residential,20,169,731,15925,29,85,83,6,safe
educational,28,122,265,11934,24,61,61,9,unsafe
educational,18,87,307,22391,44,44,42,7,safe
educational,29,18,146,2060,5,8,10,9,safe
educational,9,122,650,28795,56,61,61,2,safe
industrial,13,79,369,2980,6,40,40,4,unsafe
educational,12,77,158,17093,34,40,37,4,safe
industrial,47,117,161,31717,64,60,59,15,unsafe
industrial,23,28,328,45782,92,15,16,6,safe
educational,15,129,932,39678,80,64,64,6,unsafe
commercial,9,127,364,7005,12,62,64,2,safe
commercial,13,160,546,25700,50,79,81,3,safe
commercial,26,32,360,3586,7,18,17,7,safe
residential,32,26,160,40387,81,15,12,9,safe
industrial,31,87,834,36937,73,43,42,10,safe
commercial,4,174,613,49534,97,89,86,1,safe
residential,28,74,913,8741,15,38,36,8,safe
industrial,25,135,613,26883,53,66,67,9,safe
residential,2,116,748,32550,66,59,60,1,unsafe
industrial,13,26,613,42324,82,15,12,3,safe
educational,23,133,696,23971,48,68,66,7,unsafe
educational,44,172,803,23049,45,85,86,14,safe
educational,2,121,256,9124,18,59,61,1,safe
residential,28,7,813,17387,33,5,4,9,safe
commercial,7,104,706,45917,89,52,51,2,safe
commercial,44,191,398,11965,23,96,95,13,safe
industrial,2,8,144,9515,20,4,6,1,unsafe
residential,10,134,224,16691,34,68,68,2,safe
educational,5,34,585,36156,73,16,17,1,safe
residential,34,146,84,12753,23,72,75,10,safe
commercial,39,54,242,30455,61,29,28,12,safe
educational,45,49,436,43693,88,25,26,15,unsafe
educational,19,47,746,16082,33,24,23,5,safe
residential,46,172,880,23818,47,86,88,16,unsafe
residential,32,179,795,10795,20,91,91,11,safe
residential,42,59,297,39418,79,31,28,14,safe
educational,34,21,377,29630,60,9,9,12,safe
commercial,46,35,944,16846,32,17,16,15,safe
residential,48,90,684,517,1,45,47,17,unsafe
residential,50,147,324,18357,36,75,72,15,safe
commercial,12,143,24,16202,34,72,70,5,safe
residential,13,85,412,9360,18,44,44,3,safe
industrial,35,95,211,23654,46,47,46,10,safe
residential,6,14,206,48225,97,9,8,2,unsafe
residential,47,11,718,36732,74,7,4,16,safe
residential,45,166,416,6125,10,82,84,14,safe
commercial,48,38,884,38418,75,19,21,16,safe
residential,46,31,898,44080,86,14,16,16,safe
commercial,43,104,753,37327,72,52,53,13,safe
residential,14,33,212,28160,55,15,17,3,safe
industrial,20,164,285,41836,82,84,81,7,safe
educational,5,43,271,7601,17,22,22,1,unsafe
educational,42,121,262,44299,89,60,59,14,safe
industrial,1,154,947,4924,11,79,77,1,unsafe
residential,6,11,646,29098,59,7,4,3,safe
industrial,50,29,671,11406,23,13,13,16,safe
residential,11,128,552,48190,98,64,65,3,unsafe
industrial,8,148,622,19315,37,75,76,1,safe
educational,45,103,452,36335,70,50,50,16,safe
industrial,38,80,739,48477,98,42,39,12,safe
commercial,32,93,579,37009,73,46,45,11,safe
commercial,14,62,152,43539,86,30,30,5,safe
residential,22,12,477,28926,56,7,7,6,safe
commercial,22,116,968,42675,85,59,59,8,unsafe
educational,3,14,456,5647,10,6,8,1,safe
industrial,20,26,585,12038,25,15,14,7,unsafe
industrial,27,179,320,18229,36,91,88,9,safe
educational,29,87,805,39652,77,42,42,10,safe
commercial,39,89,932,20048,40,45,43,13,safe
commercial,25,125,724,44791,88,61,62,8,safe
educational,1,172,693,37092,76,87,88,1,unsafe
industrial,5,196,288,41996,82,98,97,2,safe
residential,46,175,179,43937,85,86,89,16,safe
industrial,37,103,661,8028,14,53,53,11,safe
commercial,19,81,765,46664,95,42,40,5,safe
educational,42,149,91,21093,40,74,75,14,safe
residential,5,71,786,40499,82,34,37,1,safe
residential,29,95,813,17041,34,48,47,10,unsafe
educational,38,73,379,26593,52,35,38,11,safe
residential,31,178,579,40765,83,90,89,9,safe
educational,28,83,948,17357,34,41,43,9,unsafe
commercial,39,178,896,9516,19,89,91,13,unsafe
commercial,29,159,751,5177,12,78,81,10,safe
industrial,8,110,371,45364,91,56,54,3,safe
industrial,39,199,788,43024,87,99,99,12,safe
industrial,22,146,633,21359,43,72,74,6,safe
commercial,43,128,302,32796,63,65,63,15,safe
commercial,40,168,406,42679,84,84,86,12,safe
educational,23,115,892,39828,78,57,58,8,safe
educational,11,98,79,25987,52,48,48,2,safe
industrial,30,133,686,18577,36,67,67,10,safe
educational,47,195,811,38344,76,97,97,14,safe
residential,40,68,975,23223,46,33,35,12,safe
industrial,35,197,996,48289,94,97,97,10,safe
residential,43,125,524,4292,6,63,62,13,safe
commercial,32,100,389,14653,30,50,50,9,safe
educational,17,115,544,9431,20,56,57,6,safe
commercial,39,106,620,47908,97,52,55,12,safe
commercial,10,56,468,23215,45,30,28,2,safe
industrial,47,146,264,48640,95,75,73,14,safe
residential,47,49,918,14274,29,23,25,14,safe
educational,19,183,962,25658,53,92,90,5,safe
residential,24,65,916,29726,57,34,32,7,safe
educational,15,196,142,45263,89,97,100,6,safe
industrial,46,30,296,8867,16,17,16,14,safe
educational,12,72,302,48867,99,37,38,4,unsafe
industrial,48,194,287,47992,96,99,97,16,unsafe
commercial,37,39,524,15545,32,19,18,13,safe
educational,15,191,688,45790,93,94,96,5,safe
industrial,49,36,679,38591,79,17,17,17,safe
educational,40,46,93,25390,50,23,25,14,unsafe
educational,19,87,686,2050,4,43,42,7,safe
commercial,12,141,251,30236,59,71,69,3,safe
industrial,49,52,612,5429,8,28,25,17,safe
commercial,48,156,819,2825,7,78,77,16,safe
industrial,2,25,675,31131,60,11,13,1,safe
residential,15,183,103,20707,39,92,92,6,safe
industrial,34,6,269,3525,9,5,5,12,unsafe
commercial,20,61,670,41495,83,32,32,7,unsafe
industrial,44,53,631,15150,31,28,25,15,safe
residential,26,32,833,26161,52,17,15,9,safe
educational,47,154,952,34844,71,76,78,15,safe
commercial,31,112,622,42322,83,56,56,9,safe
educational,42,138,778,3798,8,71,68,15,safe
commercial,3,22,741,9531,17,13,13,2,safe
residential,37,7,320,39934,78,5,4,12,safe
commercial,32,24,22,8379,17,13,11,11,safe
educational,8,161,466,2140,2,82,80,3,safe
commercial,35,23,477,13846,27,10,10,10,safe
industrial,4,160,486,28978,56,81,82,2,safe
residential,25,49,156,25357,49,23,23,8,safe
educational,36,109,410,23651,47,54,55,11,safe
industrial,49,116,692,6322,14,57,60,17,safe
industrial,35,190,961,46861,91,95,94,11,safe
educational,49,111,85,20598,40,55,55,17,safe
industrial,14,78,729,12365,24,41,41,4,unsafe
educational,46,21,655,7521,14,11,11,16,safe
commercial,5,143,282,217,1,72,72,2,unsafe
industrial,5,23,59,39336,76,13,13,1,safe
commercial,38,31,118,6174,11,16,15,13,safe
residential,12,65,475,42779,87,34,31,4,safe
commercial,38,10,568,48929,99,5,5,11,safe
educational,50,164,28,20348,42,81,81,17,safe
residential,26,113,661,29600,61,56,55,7,safe
educational,31,42,623,26425,52,22,20,11,safe
industrial,10,157,277,5096,10,77,77,4,safe
industrial,10,44,846,19060,36,24,22,4,safe
residential,40,7,157,43432,85,4,4,13,safe
residential,22,50,262,1011,4,24,27,7,safe
industrial,2,70,242,35532,71,37,36,1,unsafe
commercial,27,57,489,29455,58,27,29,10,safe
commercial,27,59,178,13490,25,30,29,8,safe
commercial,8,145,591,30613,62,73,72,1,safe
residential,40,90,88,36343,70,46,47,12,safe
residential,49,153,67,2908,6,75,75,16,safe
educational,16,105,833,7893,14,52,51,5,safe
residential,44,110,399,28656,55,56,54,14,safe
educational,6,32,383,42465,84,17,15,2,safe
industrial,41,104,635,15916,32,53,51,13,safe
commercial,13,9,174,19275,40,3,5,4,safe
residential,22,158,571,13175,27,80,78,7,safe
industrial,1,75,725,47503,96,36,37,1,safe
commercial,42,33,64,48828,96,18,15,15,safe
residential,30,130,544,26633,54,67,67,11,unsafe
educational,30,172,227,42143,82,85,85,10,safe
commercial,8,86,839,24559,51,45,44,3,unsafe
commercial,6,41,532,21955,41,21,20,3,safe
educational,11,23,738,1928,2,12,12,4,safe
commercial,3,69,210,42178,86,33,34,1,safe
commercial,21,170,444,36855,72,87,84,6,safe
industrial,24,56,924,8118,16,28,30,7,safe
residential,33,80,800,28594,55,42,39,10,safe
commercial,14,138,664,48250,95,68,68,3,safe
residential,22,93,904,12738,24,47,47,6,safe
educational,7,11,18,5096,9,6,6,2,safe
commercial,39,54,213,26886,51,26,29,12,safe
industrial,46,162,488,9155,20,82,82,16,unsafe
commercial,38,39,769,1890,2,18,21,13,safe
industrial,12,70,159,27682,53,34,35,5,safe
commercial,13,112,874,29945,58,56,55,4,safe
residential,32,196,66,2995,3,100,100,9,safe
educational,10,121,395,29767,57,60,62,3,safe
commercial,49,166,985,27722,55,85,82,15,safe
commercial,7,180,212,42584,87,91,92,1,safe
residential,49,110,928,43679,88,54,56,16,safe
commercial,32,116,472,44847,89,59,60,9,safe
educational,50,171,986,10745,23,87,85,17,unsafe
commercial,13,108,964,22004,44,55,56,4,unsafe
commercial,19,36,648,45288,91,19,18,5,safe
residential,34,87,736,2200,6,43,44,11,unsafe
educational,3,129,541,11821,21,63,66,1,safe
industrial,33,90,904,3175,6,45,45,11,unsafe
industrial,28,108,660,6642,13,54,54,8,safe
educational,13,61,107,23407,48,30,31,3,safe
educational,40,154,410,3420,6,77,76,13,safe
educational,40,40,257,13240,24,21,20,13,safe
commercial,38,76,190,5918,10,40,39,12,safe
educational,13,115,191,11606,23,56,56,3,safe
educational,22,198,797,22909,46,101,98,7,safe
residential,22,110,523,34604,68,56,57,7,safe
residential,37,14,961,907,1,8,8,12,unsafe
industrial,44,180,255,14737,28,92,92,15,safe
educational,42,57,664,7229,13,30,27,13,safe
commercial,34,67,610,24884,48,33,35,12,safe
commercial,4,80,527,7027,15,41,39,1,safe
educational,13,54,467,12819,23,28,28,5,safe
industrial,48,38,85,29035,56,18,19,16,safe
industrial,36,71,338,33034,65,36,37,12,safe
educational,13,155,510,2428,2,76,77,3,safe
educational,7,14,814,28770,58,6,6,2,safe
educational,22,38,287,8267,14,19,21,6,safe
industrial,41,57,512,14516,29,27,27,12,safe
commercial,19,50,431,21010,40,25,24,5,safe
residential,44,20,439,40570,82,12,11,13,safe
commercial,3,136,463,13382,27,67,67,2,safe
educational,42,56,375,14231,29,27,29,14,safe
industrial,44,132,690,33503,69,68,65,13,safe
industrial,36,19,499,32780,64,8,11,13,safe
commercial,4,175,190,37143,74,88,89,1,unsafe
industrial,8,65,669,31320,63,31,33,1,safe
residential,7,83,885,32658,63,40,42,2,safe
industrial,45,25,816,38806,75,14,13,16,safe
industrial,12,9,510,30294,59,3,5,5,safe
educational,39,121,598,49459,96,60,61,13,safe
residential,50,17,848,8033,15,9,8,15,safe
commercial,24,148,332,2606,7,76,75,7,safe
commercial,6,169,101,36287,74,83,84,3,safe
residential,16,43,450,29694,58,22,21,5,safe
commercial,47,98,269,8924,19,51,49,16,unsafe
residential,37,50,740,39835,81,27,25,12,unsafe
commercial,47,148,815,10333,21,76,74,14,safe
commercial,37,184,218,18231,37,91,92,11,safe
industrial,38,150,58,931,2,74,74,12,safe
commercial,10,53,296,1051,4,28,28,2,safe
residential,16,141,264,35085,72,69,71,6,safe
educational,43,23,534,34032,66,10,12,13,safe
educational,17,39,394,31121,64,20,20,6,unsafe
commercial,30,144,274,43470,86,74,72,9,safe
residential,49,44,460,39275,76,22,24,16,safe
educational,24,180,20,10520,20,89,89,9,safe
residential,26,143,730,20839,42,73,70,7,safe
residential,21,100,321,24691,49,51,49,8,safe
residential,11,154,272,18909,37,79,76,3,safe
residential,13,181,332,32948,64,89,89,5,safe
industrial,24,195,558,18682,38,98,99,8,unsafe
educational,19,50,904,33622,65,26,24,7,safe
residential,6,159,91,21265,42,81,81,2,unsafe
commercial,49,71,103,40580,79,36,36,17,safe
industrial,25,99,782,32013,66,48,51,7,safe
commercial,22,41,312,3079,7,21,20,6,safe
educational,20,63,270,33027,68,33,33,7,unsafe
commercial,7,170,472,42633,87,86,84,1,safe
industrial,17,102,318,18482,34,53,53,5,safe
industrial,41,192,205,31745,64,96,98,13,unsafe
residential,2,78,147,3332,4,41,40,1,safe
commercial,29,150,65,27467,55,76,75,9,unsafe
residential,37,96,245,46238,93,50,48,13,unsafe
educational,43,124,208,43675,88,64,61,15,safe
commercial,43,196,449,47128,95,99,98,14,unsafe
residential,19,134,87,17373,35,69,69,5,safe
industrial,47,89,842,19745,41,46,46,16,unsafe
residential,44,140,275,2851,7,71,70,15,unsafe
commercial,15,168,359,11902,23,85,84,5,unsafe
industrial,26,90,762,1325,2,45,46,7,safe
educational,28,145,722,17861,33,71,72,10,safe
industrial,34,43,382,6335,10,20,21,12,safe
residential,3,147,293,49513,97,73,72,1,safe
educational,24,52,410,31044,60,25,27,9,safe
industrial,46,173,329,6887,14,87,88,15,unsafe
educational,33,192,77,4374,8,97,97,12,unsafe
industrial,28,100,611,35978,69,50,49,8,safe
educational,6,58,537,46726,92,30,30,3,safe
residential,43,27,773,14334,28,15,14,15,unsafe
residential,20,153,941,47557,97,77,76,6,unsafe
educational,38,60,137,3242,4,31,29,13,safe
commercial,23,168,931,33256,68,86,85,7,unsafe
residential,31,75,904,27819,55,37,39,10,unsafe
commercial,45,159,598,20872,42,80,81,16,unsafe
educational,30,48,836,48748,97,23,25,9,safe
residential,28,52,81,45692,93,27,27,9,unsafe
commercial,31,43,808,29282,56,23,22,9,safe
educational,16,181,51,46240,91,89,92,6,safe
residential,17,142,900,48350,96,70,70,4,safe
educational,1,194,104,7244,14,98,98,1,unsafe
industrial,4,110,738,14936,31,56,54,2,safe
industrial,44,18,348,43256,84,10,9,15,safe
commercial,26,26,543,43871,89,15,15,9,unsafe
educational,33,55,607,15390,31,26,27,12,safe
commercial,36,43,296,6099,11,22,21,11,safe
residential,12,200,313,41572,82,102,100,4,safe
educational,7,154,617,2801,3,77,79,3,safe
commercial,36,134,249,11112,22,66,68,12,safe
commercial,15,18,213,14581,29,10,11,5,unsafe
commercial,24,25,721,8105,15,14,11,8,safe
industrial,2,174,185,10227,18,87,87,1,safe
educational,16,152,777,6978,11,78,76,6,safe
educational,20,91,363,23227,44,45,44,7,safe
commercial,45,157,743,16828,35,78,77,15,safe
industrial,1,115,866,42417,86,56,59,1,safe
educational,24,136,74,1783,4,67,70,7,safe
commercial,50,25,830,26241,51,11,14,17,safe
residential,11,23,400,5330,12,11,11,2,safe
commercial,19,177,315,34831,69,89,88,6,unsafe
commercial,40,175,891,28852,58,88,88,14,unsafe
educational,9,54,650,28682,59,27,29,4,unsafe
residential,28,160,854,40925,79,80,79,8,safe
commercial,10,174,432,13493,25,88,88,4,safe
commercial,48,130,126,35254,69,66,67,16,safe
industrial,17,28,927,11794,24,16,15,6,unsafe
commercial,30,73,90,39349,78,36,37,9,safe
residential,35,156,217,5996,13,78,78,12,unsafe
commercial,1,35,859,49610,98,18,19,1,safe
commercial,10,64,93,4105,9,32,33,4,unsafe
educational,37,153,695,36909,74,77,77,12,unsafe
industrial,18,21,774,18628,39,12,9,5,safe
residential,34,154,678,36182,70,79,76,11,safe
industrial,1,112,89,10184,19,57,57,1,safe
commercial,10,159,385,3069,5,79,79,2,safe
industrial,22,55,181,18057,35,29,26,8,safe
commercial,19,87,480,31265,60,44,43,5,safe
residential,49,199,211,10235,21,99,100,17,unsafe
educational,35,182,432,1624,1,92,91,12,safe
residential,2,184,255,13704,26,92,92,1,safe
educational,9,108,422,47991,97,55,54,3,unsafe
educational,10,175,945,33679,65,89,89,2,safe
commercial,33,138,687,45641,89,70,68,12,safe
commercial,4,85,202,7958,16,42,43,1,unsafe
residential,23,49,84,41269,81,26,24,6,safe
commercial,47,173,90,42559,86,87,86,15,unsafe
commercial,35,12,519,10861,21,5,6,11,safe
commercial,25,183,440,35529,69,90,93,9,safe
industrial,31,192,246,44306,90,95,95,9,safe
residential,33,101,802,12142,23,49,50,10,safe
industrial,44,82,912,49645,98,42,43,14,safe
industrial,31,168,154,11874,21,85,86,10,safe
residential,33,48,464,14680,29,23,23,12,safe
residential,36,23,153,17144,32,11,10,13,safe
commercial,6,188,418,3736,8,96,94,2,unsafe
educational,22,81,773,45332,88,41,40,6,safe
commercial,43,173,862,11841,25,87,86,14,unsafe
industrial,1,64,945,2790,6,34,34,1,unsafe
commercial,11,155,672,40680,79,76,78,4,safe
educational,26,124,996,36560,72,64,63,9,safe
residential,45,66,482,9797,20,32,33,16,safe
residential,46,40,735,16002,32,22,21,15,unsafe
commercial,25,111,496,22922,44,56,55,9,safe
residential,50,38,427,37486,73,20,19,17,safe
commercial,4,35,247,33188,65,17,16,1,safe
educational,11,144,23,39314,79,73,71,4,safe
commercial,45,138,553,11136,22,69,71,16,unsafe
commercial,19,188,329,32229,64,93,94,6,safe
residential,22,174,589,35588,71,88,87,6,safe
commercial,14,150,247,1174,2,76,76,5,unsafe
residential,47,7,358,4038,10,2,5,14,safe
educational,11,136,108,22686,46,67,69,4,safe
commercial,2,70,620,23787,47,37,37,1,unsafe
industrial,25,152,138,21832,43,76,77,9,unsafe
residential,35,24,644,25677,52,12,14,12,unsafe
industrial,34,158,204,21415,40,81,79,11,safe
commercial,22,126,532,40666,82,65,65,7,unsafe
educational,21,25,616,49951,97,13,13,7,safe
industrial,2,111,147,12200,22,56,54,1,safe
residential,38,195,15,15287,32,96,98,11,safe
educational,17,118,526,26756,51,59,58,4,safe
educational,34,195,239,31458,64,98,96,12,safe
residential,23,160,328,4699,7,82,79,7,safe
industrial,6,80,143,7039,15,42,39,3,safe
residential,38,175,670,12133,24,86,87,11,safe
commercial,45,112,872,11324,23,58,58,14,safe
industrial,49,27,149,31827,62,14,12,15,safe
industrial,36,118,646,31614,63,60,60,13,unsafe
industrial,38,107,957,48549,96,53,54,12,safe
educational,34,117,902,29205,59,58,60,12,unsafe
industrial,46,142,814,18403,37,72,70,14,safe
residential,47,73,545,1278,2,37,38,16,unsafe
educational,17,78,470,42804,83,40,38,6,safe
educational,25,159,762,29943,58,80,78,9,safe
residential,40,32,932,40571,83,16,18,12,safe
commercial,2,196,634,6539,15,100,97,1,safe
industrial,15,154,39,47629,96,77,78,6,unsafe
residential,35,134,431,44388,86,69,66,12,safe
residential,30,33,593,20490,38,16,18,11,safe
educational,1,68,897,44944,88,33,34,1,safe
educational,27,87,311,26304,50,45,45,8,safe
residential,45,38,578,20612,42,21,19,14,safe
residential,22,49,616,28029,54,26,25,8,safe
residential,23,147,904,22675,43,73,75,6,safe
commercial,14,161,601,47537,97,80,82,4,unsafe
residential,7,55,366,44996,91,29,29,2,unsafe
industrial,22,46,775,27607,57,24,24,6,safe
residential,2,20,182,7903,14,10,10,1,safe
commercial,10,136,625,36885,73,70,68,2,safe
commercial,26,8,143,15262,29,3,6,8,safe
residential,30,80,677,48843,98,40,39,10,safe
residential,28,54,483,36638,72,27,27,9,safe
commercial,16,16,317,46089,93,8,7,4,safe
commercial,13,49,740,8680,15,23,25,4,safe
commercial,32,14,302,3298,8,8,7,11,unsafe
residential,5,54,700,39709,81,28,29,1,unsafe
residential,45,23,519,29935,58,13,13,14,safe
residential,19,115,252,15875,29,59,59,6,safe
commercial,15,32,998,31199,63,16,15,5,safe
residential,39,35,170,47036,94,19,18,13,unsafe
industrial,9,34,208,15140,28,17,17,4,safe
educational,32,64,394,5239,11,34,33,11,unsafe
industrial,13,46,468,34823,69,24,25,4,unsafe
commercial,41,46,84,25366,48,23,24,13,safe
residential,8,187,786,41694,81,93,94,2,safe
residential,19,70,258,40080,81,37,36,5,safe
commercial,3,192,416,20290,42,98,97,1,unsafe
educational,38,186,683,24720,49,95,92,13,safe
industrial,21,143,923,430,1,70,72,7,safe
residential,13,41,430,44684,87,22,20,3,safe
commercial,6,83,619,32525,65,40,41,3,safe
residential,25,146,302,39424,76,73,72,7,safe
residential,30,41,662,12197,26,20,19,10,safe
commercial,25,51,816,38872,79,25,27,9,unsafe
commercial,48,153,18,44712,88,76,78,17,safe
educational,37,18,334,49325,99,9,9,12,unsafe
commercial,44,175,235,14152,26,87,89,15,safe
residential,19,83,713,45225,89,40,42,6,safe
educational,45,22,229,31881,64,13,12,15,unsafe
industrial,38,109,405,43817,89,56,55,13,unsafe
residential,7,130,648,35228,72,65,67,2,unsafe
commercial,14,159,758,17004,35,79,78,4,safe
residential,24,147,886,7870,13,72,73,8,safe
industrial,42,31,882,1605,2,15,14,14,safe
industrial,35,193,13,35372,70,96,96,11,unsafe
commercial,30,44,814,5406,9,21,23,9,safe
educational,36,117,767,5156,9,59,58,12,safe
industrial,15,54,864,27176,54,28,28,4,safe
commercial,37,105,673,45217,88,52,54,13,safe
educational,33,188,932,1203,1,93,94,12,safe
industrial,1,147,667,40569,83,75,72,1,safe
commercial,12,42,456,45580,93,20,21,3,safe
industrial,44,152,313,46408,92,76,77,14,unsafe
industrial,5,115,284,34917,67,56,58,1,safe
commercial,15,166,20,29821,57,83,83,6,safe
residential,6,106,262,37159,73,54,52,3,safe
educational,43,87,310,19332,36,43,45,13,safe
commercial,39,194,906,43596,87,98,99,13,unsafe
commercial,39,138,816,1148,1,70,69,14,safe
educational,47,106,781,46792,94,52,55,16,safe
commercial,35,15,733,46429,93,8,8,10,safe
industrial,24,26,276,41813,84,12,15,8,safe
industrial,29,155,764,28359,55,79,78,9,safe
residential,33,140,303,43344,86,69,71,10,safe
residential,48,134,58,6795,11,69,69,15,safe
educational,36,167,262,34638,69,85,82,13,safe
residential,10,90,82,45621,91,46,44,4,safe
educational,27,156,531,14143,26,80,77,10,safe
residential,26,109,841,40173,79,54,53,7,safe
residential,42,98,906,7564,14,50,51,14,safe
industrial,21,182,918,34674,69,93,91,7,unsafe
commercial,50,197,348,1316,1,97,100,15,safe
commercial,28,192,620,29505,60,96,95,10,safe
educational,12,20,818,17349,36,9,10,4,safe
commercial,34,141,774,47345,94,72,71,12,unsafe
educational,49,105,497,4428,8,53,53,17,unsafe
educational,27,81,513,33207,67,41,39,8,safe
industrial,8,83,828,13181,25,43,40,3,safe
educational,19,200,79,21032,44,102,99,7,safe
commercial,6,178,143,31367,62,91,90,3,unsafe
educational,6,31,270,25803,50,15,14,2,safe
educational,10,144,856,28721,57,73,74,3,unsafe
residential,16,195,15,18555,36,98,97,4,safe
commercial,12,46,680,33631,66,24,22,4,safe
educational,23,190,497,6553,12,97,97,8,safe
educational,48,32,516,46147,91,16,17,15,safe
industrial,46,97,117,31357,60,47,50,14,safe
residential,38,33,743,20420,38,15,16,12,safe
commercial,3,129,168,27100,55,66,63,2,safe
educational,24,175,816,40522,83,86,87,9,safe
educational,35,69,593,11211,22,36,33,12,safe
residential,12,90,850,15338,30,47,44,4,safe
educational,36,164,230,28893,56,84,84,13,safe
educational,8,111,478,1874,3,55,54,2,safe
educational,11,74,360,26703,54,39,39,2,safe
commercial,18,6,191,35191,70,2,4,5,safe
commercial,41,173,315,24608,51,85,86,13,safe
residential,35,76,568,18962,38,40,37,12,safe
industrial,45,200,304,38583,75,101,100,16,safe
commercial,23,138,940,49725,100,70,69,8,unsafe
educational,19,177,860,6615,11,87,90,5,safe
commercial,28,45,777,36827,72,24,21,9,safe
industrial,20,118,950,34977,68,61,59,6,safe
educational,45,79,834,27216,54,39,39,14,safe
educational,35,67,581,35206,71,35,33,11,unsafe
residential,8,168,911,3586,7,83,84,3,safe
educational,37,109,142,38624,77,56,56,12,unsafe
industrial,31,189,941,10676,22,95,93,10,safe
commercial,34,37,748,10290,21,17,18,10,safe
educational,35,122,683,6586,13,62,63,11,unsafe
educational,38,35,88,688,1,19,16,13,safe
industrial,30,146,860,21741,41,73,74,11,safe
commercial,34,54,908,1252,2,26,28,10,safe
industrial,17,67,458,42687,83,33,34,5,safe
industrial,41,172,424,41565,84,85,87,12,safe
residential,8,69,855,44148,87,33,35,1,safe
residential,5,159,621,24479,47,81,80,1,safe
industrial,4,128,302,19409,38,64,64,1,unsafe
educational,32,55,354,33531,65,28,29,9,safe
commercial,25,23,743,41878,84,10,12,7,safe
educational,28,136,610,19403,36,67,70,8,safe
commercial,34,119,546,15619,33,59,60,11,unsafe
industrial,36,91,784,33098,66,45,45,11,safe
educational,25,129,291,1955,3,66,65,9,unsafe
educational,44,177,103,33693,65,88,89,14,safe
industrial,37,190,322,3634,5,95,97,13,safe
educational,9,195,348,12086,24,99,97,2,safe
residential,12,152,860,10639,19,78,75,3,safe
industrial,10,29,896,17539,36,16,14,4,unsafe
residential,47,156,959,529,1,78,79,14,safe
residential,23,102,63,42904,83,53,53,7,safe
educational,48,94,825,48634,95,46,46,15,safe
educational,9,131,984,8040,18,67,66,4,unsafe
industrial,25,18,266,36366,73,11,9,9,unsafe
residential,28,46,620,39062,76,24,24,8,safe
industrial,46,130,603,15265,28,66,65,16,safe
residential,14,52,473,24011,46,25,28,5,safe
residential,33,149,62,14668,27,75,74,10,safe
commercial,6,27,382,41353,80,12,12,2,safe
educational,9,137,87,35608,69,69,69,2,safe
residential,12,96,21,8639,16,49,49,5,safe
educational,31,35,741,11373,22,19,18,10,unsafe
industrial,30,144,95,49471,97,71,71,11,safe
industrial,34,149,710,589,1,74,75,12,unsafe
educational,23,125,832,7739,13,62,63,6,safe
educational,41,81,81,31448,60,40,39,12,safe
educational,42,156,263,25244,52,79,77,14,safe
residential,20,99,832,28501,58,49,51,6,unsafe
commercial,18,41,93,27066,56,21,19,5,safe
industrial,24,94,565,20467,41,48,46,7,safe
commercial,28,125,944,24302,50,61,63,8,safe
residential,12,184,148,12656,26,93,92,4,unsafe
industrial,10,67,933,48540,95,35,34,3,safe
educational,7,12,826,18522,35,7,8,3,safe
commercial,6,193,788,22917,45,95,98,1,safe
educational,33,27,118,8885,19,12,15,12,safe
educational,17,10,810,3810,8,5,4,5,safe
commercial,38,164,644,11041,20,82,81,13,safe
commercial,23,130,127,46096,90,66,67,8,safe
industrial,2,66,335,23111,47,35,33,1,unsafe
commercial,35,156,578,35223,69,77,77,10,safe
residential,14,7,790,17121,35,3,5,5,unsafe
industrial,24,122,344,13328,28,61,61,7,safe
residential,50,157,128,17520,35,77,78,17,safe
industrial,4,33,819,20402,39,16,17,1,safe
industrial,18,62,552,6955,14,32,32,6,unsafe
commercial,26,50,632,31901,63,24,25,9,safe
commercial,26,84,357,35752,72,43,44,8,unsafe
commercial,47,149,437,18572,37,74,73,15,safe
industrial,45,10,299,21882,45,7,5,16,unsafe
educational,40,71,494,33993,67,36,34,14,safe
industrial,16,173,442,31969,65,85,86,5,safe
educational,5,80,537,39087,77,42,41,1,safe
educational,29,27,370,38148,74,13,12,8,safe
educational,19,107,214,36157,71,53,54,6,safe
educational,37,130,737,39229,79,66,64,13,safe
industrial,43,179,755,565,2,89,89,15,unsafe
educational,35,101,930,33229,65,49,50,11,safe
industrial,15,115,15,8380,15,59,57,6,safe
educational,16,196,909,31498,64,97,98,5,safe
educational,36,12,860,18163,36,6,7,11,safe
residential,25,111,230,35117,72,55,54,7,safe
residential,26,86,995,21452,42,44,43,7,safe
residential,28,111,666,40729,83,57,56,8,safe
commercial,24,149,229,20915,41,74,75,7,safe
industrial,49,44,166,9852,17,21,21,15,safe
commercial,3,176,456,48195,94,87,87,1,safe
educational,29,166,424,18894,38,82,85,10,safe
residential,5,159,839,40135,78,80,78,1,safe
commercial,11,58,406,34231,67,30,29,4,safe
commercial,27,146,497,25396,52,74,75,10,unsafe
industrial,43,165,657,23257,46,82,82,15,unsafe
residential,8,104,190,19855,40,51,51,3,safe
industrial,19,11,805,15259,32,7,4,7,safe
industrial,1,144,620,18156,37,73,74,1,unsafe
educational,11,17,598,22211,46,8,9,2,safe
educational,10,132,89,1850,4,67,67,2,safe
residential,32,44,159,33507,68,24,23,10,unsafe
industrial,1,15,723,8363,17,8,7,1,unsafe
residential,9,12,269,20332,39,6,7,4,safe
residential,31,106,286,12621,27,52,52,11,safe
residential,8,167,616,30398,59,82,82,2,safe
commercial,37,132,714,40454,80,67,66,13,unsafe
commercial,5,154,682,28566,57,76,76,1,safe
residential,38,195,278,37231,72,97,98,13,safe
industrial,26,21,524,5956,10,10,10,8,safe
educational,26,194,546,26483,50,98,97,7,safe
residential,36,30,846,48984,97,15,17,12,unsafe
educational,22,107,132,27160,52,52,54,7,safe
educational,23,87,693,36782,73,42,45,6,safe
educational,17,167,765,47685,95,82,83,6,safe
commercial,7,107,327,33954,67,53,55,3,unsafe
educational,41,5,483,42585,87,4,3,14,unsafe
industrial,24,190,194,35949,72,97,97,9,unsafe
industrial,16,32,491,28176,56,16,15,5,safe
residential,41,129,358,1324,4,65,66,12,safe
commercial,47,36,305,33272,65,18,17,14,safe
commercial,39,149,349,45040,91,75,73,12,safe
industrial,9,111,956,35277,72,55,57,2,safe
commercial,30,128,831,8798,19,64,64,11,unsafe
industrial,29,53,209,12219,25,28,26,9,unsafe
industrial,11,171,130,3064,7,86,85,4,unsafe
industrial,41,18,153,37613,77,9,8,12,safe
commercial,20,175,375,20156,42,88,87,5,safe
commercial,3,141,624,34946,68,72,70,1,safe
educational,23,93,996,30695,60,46,47,6,safe
educational,28,34,536,23822,45,19,18,8,safe
industrial,9,10,22,29264,60,7,7,2,safe
commercial,49,103,15,21732,43,53,53,15,safe
commercial,4,152,496,17746,33,75,78,1,safe
residential,43,22,306,36498,72,12,10,15,safe
industrial,47,160,550,23777,47,81,82,16,unsafe
industrial,47,16,296,45136,91,7,7,14,safe
educational,34,20,803,7946,17,12,10,10,safe
industrial,2,69,481,5040,11,33,36,1,safe
residential,35,89,599,8221,17,44,45,12,unsafe
educational,42,79,281,15594,31,40,39,15,unsafe
industrial,8,6,213,7835,15,5,5,1,safe
industrial,30,55,73,21410,40,26,27,9,safe
residential,21,9,849,15184,32,4,6,6,safe
educational,8,56,605,967,2,29,29,1,safe
residential,39,16,266,5437,8,9,7,14,safe
educational,6,165,191,49538,100,82,84,2,unsafe
industrial,44,108,934,31500,62,56,53,14,safe
educational,40,13,967,3752,6,8,7,14,safe
industrial,26,111,255,29838,60,57,57,7,safe
commercial,4,89,452,44520,91,45,46,1,unsafe
educational,21,176,699,40532,81,88,90,7,unsafe
industrial,33,52,838,7315,14,25,28,10,safe
residential,8,43,179,25309,49,20,21,1,safe
commercial,12,161,208,12476,22,81,80,4,safe
industrial,39,171,978,26792,53,86,84,13,safe
industrial,4,106,901,36724,72,52,53,1,safe
educational,47,157,606,9072,19,78,78,15,unsafe
commercial,16,170,952,17980,34,87,84,6,safe
educational,44,59,484,21393,41,29,31,15,safe
educational,6,124,61,47443,92,61,63,2,safe
educational,22,92,222,11084,23,46,48,8,unsafe
residential,41,93,792,18900,38,48,45,12,safe
commercial,40,85,267,39795,78,44,43,13,safe
commercial,35,18,847,33836,67,8,9,10,safe
residential,12,99,399,13038,26,50,49,3,safe
educational,50,49,69,34687,68,25,25,17,safe
residential,4,177,678,31316,60,90,87,1,safe
industrial,9,198,935,46088,91,100,100,4,safe
industrial,3,98,238,3485,6,51,49,2,unsafe
educational,29,40,335,8309,16,22,22,10,unsafe
residential,6,27,48,38213,74,12,12,1,safe
residential,16,122,909,43962,89,62,62,4,safe
industrial,24,6,543,26755,54,5,2,8,safe
industrial,2,12,283,12731,26,8,6,1,unsafe
commercial,20,77,204,44925,87,39,39,5,safe
residential,42,149,366,47108,95,74,76,15,unsafe
industrial,12,194,447,12709,27,99,99,3,safe
industrial,23,17,624,5910,10,9,10,7,safe
educational,23,45,785,46975,91,22,21,6,safe
educational,15,121,501,32748,63,61,60,5,safe
industrial,43,192,743,9726,21,96,95,14,safe
educational,9,192,461,34686,70,95,97,4,safe
educational,10,117,911,27083,52,57,58,4,safe
commercial,9,52,282,25098,51,27,27,3,unsafe
residential,50,184,529,38552,76,93,92,17,safe
educational,16,112,40,12846,27,55,58,6,safe
educational,15,56,221,41783,81,27,30,4,safe
commercial,46,187,74,37872,73,92,92,16,safe
educational,42,174,589,11395,22,86,86,13,safe
educational,6,125,762,36914,73,64,64,3,unsafe
residential,20,71,649,49288,100,36,36,6,unsafe
industrial,29,56,497,33575,65,29,27,9,safe
industrial,49,6,579,38495,75,3,2,17,safe
residential,12,55,220,27806,56,28,29,5,unsafe
industrial,21,75,472,21569,45,38,39,8,unsafe
residential,43,95,668,710,1,48,46,14,safe
residential,2,150,832,20563,41,77,75,1,unsafe
industrial,34,171,336,26099,52,86,85,12,unsafe
educational,48,70,894,39030,80,36,36,16,unsafe
residential,13,124,197,46317,94,64,63,5,unsafe
residential,16,157,840,32405,64,79,77,5,safe
commercial,10,136,935,46117,93,68,68,4,unsafe
commercial,35,114,920,19741,39,56,56,12,safe
commercial,37,168,289,27259,54,86,86,11,safe
residential,17,121,520,6204,13,59,61,5,safe
residential,42,141,701,14290,26,69,71,13,safe
educational,9,17,117,39207,77,10,9,3,safe
residential,18,5,959,14329,30,1,3,6,safe
commercial,44,11,618,15991,32,7,6,13,safe
residential,28,98,778,2860,5,51,50,9,unsafe
educational,47,81,682,40581,81,40,40,16,unsafe
educational,9,173,996,47361,96,86,85,2,safe
industrial,39,185,204,14729,28,93,91,12,safe
industrial,42,43,791,3699,7,20,23,13,safe
educational,1,76,389,10664,22,38,39,1,unsafe
commercial,7,174,209,32872,65,87,89,1,safe
educational,47,26,988,27766,54,15,15,14,safe
residential,28,26,565,22720,43,12,12,9,safe
commercial,40,12,116,2425,6,6,7,14,unsafe
industrial,23,131,580,16029,33,65,66,7,unsafe
commercial,10,160,721,7703,17,82,81,3,unsafe
commercial,27,118,332,18850,37,61,61,10,unsafe
commercial,5,93,252,15741,32,45,48,1,safe
educational,36,111,587,14257,28,54,55,11,safe
industrial,22,190,861,4830,9,97,94,6,safe
residential,11,19,536,9251,18,11,9,3,unsafe
educational,3,77,60,29810,60,38,39,2,unsafe
educational,19,53,759,36903,75,28,28,6,unsafe
commercial,40,12,664,23022,48,7,6,13,unsafe
commercial,23,112,96,5540,9,56,56,6,safe
industrial,9,197,930,506,1,100,100,4,unsafe
educational,35,114,608,40229,78,56,59,12,safe
commercial,28,189,754,45270,91,96,95,8,safe
commercial,38,52,298,17576,36,26,25,13,safe
educational,29,172,88,14613,29,88,86,8,safe
educational,1,185,602,11774,23,91,91,1,safe
commercial,44,132,513,5633,13,66,66,15,unsafe
industrial,13,143,469,32225,63,72,71,4,safe
commercial,36,12,590,3161,4,8,5,11,safe
residential,16,182,959,42407,83,91,92,6,safe
commercial,2,89,219,48974,97,44,45,1,unsafe
educational,41,41,545,12456,23,21,19,14,safe
industrial,26,161,599,5820,10,81,80,8,safe
commercial,42,174,658,16016,30,86,86,13,safe
residential,46,7,831,22038,43,4,2,14,safe
industrial,10,33,332,5727,11,17,16,3,unsafe
commercial,28,88,868,44247,87,43,46,10,safe
residential,27,26,592,32493,62,12,14,8,safe
commercial,2,184,155,4057,7,93,93,1,safe
industrial,6,62,779,10794,20,32,32,1,safe
industrial,43,136,266,40702,82,70,67,13,safe
residential,35,169,73,17923,36,85,84,10,safe
commercial,3,81,667,44167,89,42,40,1,unsafe
commercial,32,71,24,40397,78,37,35,10,safe
residential,43,63,845,15797,33,31,30,13,safe
industrial,6,45,783,838,1,24,23,3,unsafe
residential,7,8,37,19928,38,3,6,2,safe
educational,44,170,779,972,1,86,85,15,unsafe
commercial,40,26,870,8366,16,15,12,14,safe
commercial,49,186,766,6833,12,92,94,17,safe
educational,40,140,550,37990,73,72,70,14,safe
commercial,35,67,382,7840,17,33,35,12,unsafe
industrial,35,27,524,17756,33,12,15,12,safe
educational,28,76,571,7313,16,38,40,9,unsafe
residential,28,57,883,15973,30,29,28,8,safe
industrial,10,43,259,30633,63,22,22,2,safe
industrial,16,20,588,1051,1,12,10,6,safe
industrial,17,156,592,10098,19,77,77,4,safe
educational,15,116,482,33998,65,59,60,5,safe
educational,13,115,556,19770,41,58,59,3,safe
commercial,47,38,399,18358,37,19,20,14,safe
industrial,49,26,695,34738,71,13,13,15,safe
educational,42,86,208,20996,39,42,42,14,safe
commercial,25,13,929,38130,78,8,5,7,safe
residential,50,200,883,10219,18,102,100,16,safe
educational,14,163,643,29876,61,83,80,4,safe
educational,50,102,532,37209,73,53,50,16,safe
residential,17,90,383,5525,10,44,44,4,safe
commercial,25,7,482,25073,49,2,5,7,safe
educational,18,104,707,49575,99,54,53,5,safe
industrial,48,102,499,9340,17,51,50,16,safe
industrial,17,7,371,44465,90,3,5,6,unsafe
commercial,35,195,791,27814,57,97,97,10,safe
commercial,30,134,859,21482,42,66,67,11,safe
residential,43,77,730,29178,59,38,39,14,unsafe
residential,25,194,687,24014,46,97,96,7,safe
residential,2,172,415,7317,12,85,88,1,safe
commercial,27,161,363,25178,52,80,80,10,unsafe
residential,32,109,792,24691,47,53,56,10,safe
educational,18,36,487,28635,57,19,19,6,unsafe
commercial,12,76,953,11412,22,38,39,3,safe
residential,49,107,534,7827,13,55,53,17,safe
commercial,46,36,271,7963,13,17,17,14,safe
educational,43,78,615,13102,28,41,39,13,safe
industrial,31,103,737,48854,97,52,53,11,unsafe
residential,31,57,661,24424,47,29,29,9,safe
commercial,45,95,568,10433,20,47,48,14,safe
commercial,16,89,642,33720,68,46,44,4,safe
educational,10,198,753,16957,34,98,98,4,safe
residential,41,136,938,4587,8,68,70,14,safe
educational,15,32,852,13968,29,16,17,6,unsafe
commercial,34,100,35,13913,29,52,52,10,safe
residential,5,22,808,9521,18,11,12,1,safe
educational,19,197,854,41283,82,98,97,6,safe
commercial,39,169,773,42096,85,85,85,12,safe
industrial,39,167,300,31991,64,84,83,12,safe
commercial,23,173,22,29863,61,88,88,7,unsafe
residential,3,52,871,10931,20,25,26,1,safe
educational,36,30,584,36473,71,14,15,12,safe
residential,38,75,726,44204,86,38,38,11,safe
commercial,23,129,698,16367,33,66,63,6,safe
educational,30,159,781,36265,70,81,79,9,safe
educational,47,141,994,43680,87,71,70,15,unsafe
educational,31,123,529,11169,23,60,63,9,safe
industrial,14,158,785,15697,29,80,81,4,safe
industrial,34,85,474,6111,14,43,44,11,unsafe
commercial,9,130,921,9475,20,67,64,2,safe
commercial,32,187,597,36125,71,95,93,11,safe
residential,25,35,788,48806,95,17,18,7,safe
residential,42,109,273,38543,77,54,56,13,safe
residential,4,100,751,29509,59,51,49,1,safe
commercial,49,150,580,46590,94,76,76,15,safe
residential,30,106,454,1331,3,54,55,9,safe
residential,2,78,253,31930,63,41,39,1,unsafe
educational,37,134,11,12719,24,68,68,11,safe
educational,31,143,34,40990,82,70,71,11,safe
educational,3,182,290,47721,93,90,91,2,safe
residential,6,169,574,10930,21,84,86,1,safe
commercial,18,130,720,9968,21,65,65,6,unsafe
residential,13,67,43,290,1,35,33,3,safe
commercial,4,18,373,38795,75,11,10,1,safe
commercial,12,106,12,48262,96,54,55,3,safe
industrial,36,55,402,46732,93,27,27,13,unsafe
commercial,25,65,461,32815,67,31,31,8,safe
commercial,45,39,368,30088,60,18,19,15,safe
residential,6,143,835,42252,82,70,70,2,safe
industrial,1,59,484,49601,97,29,28,1,safe
educational,42,136,623,41839,83,70,69,14,unsafe
educational,35,163,195,40421,79,82,80,10,safe
industrial,29,143,636,27332,53,72,71,10,safe
residential,38,152,171,40479,80,77,76,13,unsafe
educational,28,180,205,30708,61,89,91,9,safe
industrial,8,27,940,42259,85,12,14,3,safe
commercial,37,88,257,37645,77,45,43,11,safe
residential,11,79,934,45678,89,39,40,3,safe
industrial,11,73,87,37122,76,37,38,3,unsafe
commercial,35,95,150,14594,30,48,47,11,unsafe
commercial,37,116,130,24759,51,59,57,12,safe
commercial,8,161,770,34717,68,79,81,2,safe
industrial,7,171,874,13260,27,87,85,1,safe
residential,13,82,335,5166,11,40,43,5,safe
commercial,16,136,349,40450,82,69,67,4,safe
residential,37,86,514,21646,43,42,43,13,safe
educational,34,142,163,32284,65,71,71,10,safe
educational,18,8,531,38999,78,4,5,6,unsafe
residential,25,175,13,25591,52,89,87,9,unsafe
residential,35,130,214,29242,56,66,65,10,safe
residential,47,55,55,40271,80,28,28,15,unsafe
residential,1,22,292,9110,20,13,12,1,unsafe
residential,22,159,620,1492,3,78,80,8,safe
industrial,25,181,502,41394,83,90,89,9,safe
industrial,3,100,607,35631,70,49,52,2,safe
industrial,4,94,335,12590,25,48,49,2,unsafe
industrial,11,120,507,40578,80,61,59,4,safe
commercial,33,182,355,5767,13,91,91,12,unsafe
commercial,37,193,192,48552,98,98,96,13,unsafe
industrial,43,94,632,41609,84,48,47,14,unsafe
industrial,50,153,109,42297,85,76,78,16,unsafe
commercial,21,21,73,17400,35,10,12,7,unsafe
commercial,35,58,315,35786,70,28,29,10,safe
commercial,29,83,719,40791,80,43,43,9,safe
educational,36,169,897,39038,80,85,83,11,safe
educational,27,142,15,7569,15,71,71,10,unsafe
commercial,15,51,531,35638,73,24,26,6,safe
commercial,46,152,168,45321,90,78,77,15,unsafe
residential,46,183,739,49914,100,90,93,15,safe
residential,32,15,762,27510,54,9,8,9,safe
industrial,28,60,104,27528,55,32,30,10,unsafe
industrial,33,43,222,31768,65,23,21,11,unsafe
industrial,26,8,29,49796,100,4,4,7,safe
commercial,15,16,860,30480,61,10,8,6,unsafe
educational,28,183,461,8298,17,93,93,10,unsafe
residential,41,69,184,19249,36,36,33,12,safe
residential,45,119,616,1845,2,58,59,16,safe
educational,25,166,496,45188,88,83,85,7,safe
residential,24,118,795,33190,66,60,60,8,unsafe
commercial,16,31,816,40687,81,14,16,6,safe
residential,21,159,296,8994,19,80,79,7,unsafe
commercial,22,5,683,40090,80,3,4,8,unsafe
industrial,48,21,794,22274,43,9,12,17,safe
industrial,19,77,538,49760,98,38,37,7,safe
residential,45,161,211,12687,24,79,80,15,safe
industrial,38,34,558,16646,31,19,16,13,safe
industrial,18,111,500,45955,91,56,54,7,safe
industrial,14,10,624,47588,97,4,5,4,safe
industrial,19,160,147,26054,50,82,81,7,safe
industrial,17,168,748,38264,74,86,83,5,safe
industrial,38,25,975,49518,101,14,13,11,safe
residential,9,148,971,49985,98,73,73,3,safe
industrial,36,175,785,20489,41,86,87,11,safe
industrial,37,5,413,36706,74,4,4,12,unsafe
commercial,43,165,716,5737,9,82,84,15,safe
industrial,36,142,345,10320,19,71,72,13,safe
educational,20,119,605,562,1,60,61,6,unsafe
residential,1,59,495,8293,18,30,30,1,unsafe
industrial,9,141,77,19834,37,70,71,3,safe
industrial,16,54,772,47452,95,29,29,5,unsafe
industrial,16,132,736,45721,92,67,68,5,unsafe
educational,11,16,72,17002,33,7,9,3,safe
educational,30,91,717,5889,12,46,45,11,unsafe
residential,30,121,442,18436,36,59,59,9,safe
industrial,34,51,848,41117,80,25,25,12,safe
residential,38,137,315,40231,82,69,67,12,safe
educational,49,37,877,17209,35,17,17,17,safe
educational,7,83,597,14757,28,41,43,1,safe
commercial,10,141,632,11337,20,69,72,4,safe
industrial,1,192,156,3907,8,98,96,1,unsafe
commercial,25,70,800,35466,69,36,35,7,safe
commercial,5,200,830,28773,59,100,101,2,unsafe
educational,38,87,109,7995,14,45,45,11,safe
residential,47,98,205,36108,73,50,49,15,unsafe
commercial,4,77,884,17253,34,38,38,1,unsafe
commercial,46,185,422,49318,98,93,92,14,safe
educational,25,128,601,34640,69,64,64,8,unsafe
educational,42,11,573,967,1,4,6,14,safe
residential,20,70,110,25500,50,37,36,6,safe
commercial,32,128,454,14219,30,65,63,10,safe
educational,48,157,259,36970,73,80,77,17,safe
commercial,38,110,430,45058,88,55,56,13,safe
educational,49,187,311,31418,63,94,92,17,safe
commercial,25,117,385,28658,56,59,57,7,safe
commercial,4,106,495,26858,55,54,53,2,unsafe
industrial,24,33,561,44336,88,16,18,7,safe
educational,49,110,111,14467,30,55,54,17,safe
educational,24,34,753,18328,37,16,16,7,safe
commercial,44,29,690,35222,71,16,16,13,safe
commercial,3,82,630,7952,16,42,41,2,unsafe
residential,50,164,376,39647,78,84,83,17,safe
residential,38,62,259,27348,52,32,33,13,safe
industrial,34,8,928,29608,61,6,4,12,unsafe
residential,36,82,799,49294,100,40,42,11,safe
residential,48,148,674,13965,25,75,76,17,safe
residential,35,25,834,35117,69,14,12,12,safe
residential,2,181,82,18324,34,92,89,1,safe
residential,25,85,433,30494,59,43,43,9,safe
commercial,49,153,200,8609,19,76,75,15,safe
residential,31,25,836,14959,27,11,13,9,safe
residential,29,31,894,3054,4,14,17,8,safe
industrial,7,157,790,40266,80,77,78,2,safe
residential,16,66,210,44636,88,35,33,6,safe
residential,36,24,815,31312,63,12,11,11,safe
educational,24,57,122,26229,50,28,28,9,safe
educational,22,99,977,39870,79,48,49,6,safe
residential,46,127,184,26718,51,63,65,16,safe
educational,18,33,750,813,2,18,17,6,unsafe
commercial,15,62,827,35886,69,31,31,4,safe
residential,9,107,50,9610,20,55,55,2,safe
industrial,3,85,619,13869,25,41,42,1,safe
educational,14,159,11,34187,66,80,79,4,safe
commercial,8,62,697,33702,66,33,33,1,safe
industrial,47,114,733,8944,17,56,59,16,safe
residential,44,65,302,30086,58,32,32,15,safe
industrial,23,116,51,38820,79,57,59,6,safe
industrial,41,18,885,33965,65,8,9,13,safe
industrial,9,104,512,22412,46,52,53,2,safe
commercial,8,160,140,41782,81,81,82,3,safe
residential,13,122,856,36092,73,60,61,5,safe
residential,48,170,496,38600,76,85,85,17,safe
commercial,10,152,189,3852,6,75,78,2,safe
residential,26,143,782,29327,58,73,72,8,unsafe
educational,4,170,902,699,1,87,85,2,unsafe
residential,34,105,899,20330,42,52,53,11,unsafe
residential,43,186,623,781,2,94,94,13,safe
residential,16,165,446,33949,67,83,82,6,unsafe
commercial,34,144,696,3066,8,72,73,10,safe
commercial,37,168,56,2150,6,86,83,12,safe
commercial,24,197,368,37292,76,97,100,8,safe
residential,29,47,213,34854,69,24,25,10,unsafe
commercial,8,81,549,15296,28,39,40,2,safe
educational,12,51,115,48986,97,27,25,3,safe
commercial,34,168,983,4756,8,84,85,12,safe
commercial,43,152,900,7376,15,75,77,13,safe
industrial,2,131,507,7905,14,64,65,1,safe
commercial,12,117,871,38681,78,57,58,3,safe
educational,10,159,825,8471,14,81,81,2,safe
educational,43,162,118,16724,35,82,82,13,safe
industrial,32,144,749,25169,48,73,71,10,safe
educational,27,66,704,36102,71,32,32,8,safe
educational,38,35,415,39690,78,16,19,13,safe
industrial,21,115,71,21875,45,58,58,8,unsafe
industrial,19,62,317,9100,18,30,33,6,safe
commercial,5,29,96,9541,18,13,14,1,safe
residential,35,81,925,22749,47,42,40,10,safe
educational,41,124,228,32999,63,62,62,14,safe
commercial,38,59,528,31282,62,31,30,12,unsafe
educational,9,115,374,40838,81,56,56,2,safe
industrial,18,39,464,35788,70,20,18,7,safe
residential,2,85,447,15146,32,44,42,1,unsafe
educational,19,43,325,18013,34,23,21,5,safe
educational,49,82,247,19537,39,43,41,17,unsafe
industrial,27,28,570,26956,51,13,15,10,safe
commercial,15,163,284,20097,38,80,82,6,safe
residential,27,40,424,14492,28,21,19,10,safe
residential,45,200,821,36472,70,102,100,14,safe
industrial,11,134,195,45041,89,68,69,3,safe
industrial,7,66,420,34979,68,35,33,1,safe
industrial,11,64,604,41091,84,32,32,3,unsafe
industrial,37,112,271,15784,31,58,57,12,unsafe
commercial,16,120,188,22738,46,59,59,4,safe
industrial,13,18,594,35254,72,11,8,4,safe
commercial,42,111,476,37404,76,55,57,14,unsafe
commercial,45,78,774,15768,31,39,40,14,safe
residential,38,21,775,42045,82,11,11,13,safe
industrial,50,33,706,33630,66,15,15,15,safe
educational,43,16,160,37052,73,8,9,15,safe
commercial,41,39,385,11916,24,18,18,14,safe
industrial,44,27,964,13147,25,12,13,13,safe
residential,26,62,64,31562,65,30,33,8,safe
commercial,20,27,647,39370,78,13,13,7,unsafe
educational,6,37,415,25994,50,17,17,3,safe
residential,27,194,89,34982,67,99,98,10,safe
commercial,38,193,880,46239,93,98,96,13,unsafe
residential,49,100,89,17201,36,50,49,17,safe
industrial,31,184,684,27532,53,92,91,11,safe
residential,24,43,262,49415,99,23,22,7,safe
residential,28,14,479,45046,89,7,7,10,safe
educational,17,72,88,40811,82,35,36,4,safe
residential,3,63,557,20312,41,32,30,1,safe
residential,45,81,147,14082,30,41,40,16,unsafe
residential,14,14,433,27838,53,6,9,5,safe
residential,27,93,709,30898,60,46,48,8,safe
educational,46,24,693,31941,65,12,14,15,unsafe
residential,23,175,358,22365,46,87,88,8,unsafe
educational,46,5,971,29985,60,3,4,14,safe
educational,11,144,313,45567,89,74,73,2,safe
residential,31,177,631,4802,10,87,88,11,safe
commercial,11,186,117,21454,41,92,95,2,safe
commercial,37,106,68,3845,5,54,54,12,safe
industrial,1,22,211,16813,33,13,13,1,unsafe
educational,26,103,387,18961,39,50,52,9,safe
industrial,48,82,481,15909,29,41,41,16,safe
residential,17,194,821,39653,81,97,98,4,safe
educational,44,96,299,27386,54,47,50,15,safe
educational,5,58,395,13275,27,29,31,1,unsafe
residential,8,43,606,6682,15,20,22,2,safe
industrial,45,157,834,48183,97,79,78,15,unsafe
educational,5,170,785,7938,17,85,86,1,unsafe
industrial,36,64,55,9365,19,32,32,12,unsafe
educational,5,54,349,17584,35,28,26,1,safe
educational,24,120,371,1179,3,59,60,9,safe
educational,49,162,666,5143,8,82,82,16,safe
residential,43,52,195,27314,56,25,27,15,safe
educational,47,75,154,16175,30,38,38,14,safe
commercial,33,140,320,11934,23,72,72,11,unsafe
residential,48,31,344,5147,10,16,15,17,unsafe
educational,45,8,552,13266,27,3,3,15,safe
commercial,20,166,182,29051,56,85,84,6,safe
educational,27,127,257,23896,48,65,63,8,safe
educational,39,59,69,22990,45,28,30,13,safe
residential,4,23,167,29996,61,11,13,1,unsafe
commercial,39,199,569,41530,82,101,100,14,safe
educational,8,57,503,38222,77,28,30,2,unsafe
residential,15,167,479,28745,57,82,82,4,safe
industrial,45,50,228,48829,95,24,27,15,safe
industrial,45,185,527,38717,79,93,91,14,safe
industrial,17,106,589,44794,91,55,52,6,safe
residential,25,84,51,32363,66,44,43,8,unsafe
commercial,22,153,911,36030,71,78,75,8,safe
residential,9,156,65,3790,5,79,77,2,safe
educational,9,192,612,4905,10,98,97,4,unsafe
educational,13,35,673,21785,44,19,19,4,unsafe
residential,8,23,405,2201,4,11,12,2,unsafe
commercial,11,160,618,24356,50,81,82,2,safe
commercial,12,114,298,13874,29,59,58,5,unsafe
commercial,26,93,525,44433,87,45,48,8,safe
educational,16,196,657,33558,66,97,100,4,safe
commercial,29,44,437,27424,53,23,22,10,safe
commercial,36,48,649,11077,20,23,25,13,safe
commercial,48,112,748,12871,25,57,57,16,unsafe
industrial,27,91,594,5492,10,44,45,8,safe
educational,43,112,137,21418,41,55,55,14,safe
industrial,24,62,152,12344,23,30,32,9,safe
residential,43,13,751,12279,25,8,8,14,unsafe
commercial,16,168,578,42065,83,85,85,6,safe
residential,28,70,792,15667,32,35,37,9,unsafe
industrial,50,19,808,30087,58,10,10,17,safe
industrial,50,99,958,36786,73,51,49,17,unsafe
industrial,36,133,435,38087,76,66,68,13,unsafe
educational,13,136,216,31291,63,70,69,4,unsafe
industrial,14,108,74,35326,68,53,54,5,safe
industrial,20,179,980,6176,13,88,91,6,safe
educational,44,199,385,15485,32,101,99,14,unsafe
industrial,39,56,547,6438,11,29,30,12,safe
residential,6,166,217,46925,92,84,84,1,safe
educational,2,6,117,47580,95,2,4,1,safe
residential,29,8,245,11165,24,5,6,8,safe
residential,6,57,440,37879,73,30,30,2,safe
commercial,6,167,501,18193,34,83,83,3,safe
commercial,48,184,753,42324,86,94,93,15,safe
educational,19,118,430,37448,73,59,58,5,safe
commercial,44,139,577,9262,19,70,70,15,unsafe
industrial,22,23,864,22950,43,12,12,8,safe
educational,15,84,250,14301,27,44,44,4,safe
commercial,22,38,717,25064,48,20,20,7,safe
educational,50,113,470,10123,18,58,56,16,safe
industrial,21,12,226,30983,59,7,7,6,safe
industrial,40,116,463,21542,41,58,59,14,safe
residential,31,144,99,41613,82,74,72,11,safe
educational,30,148,238,331,2,73,75,10,safe
educational,48,180,873,29456,58,90,89,15,safe
educational,20,36,886,36882,71,19,20,7,safe
residential,39,192,98,32104,65,98,95,13,safe
educational,23,99,276,9800,19,48,51,8,safe
residential,6,27,985,12672,26,12,15,1,safe
industrial,7,62,308,21628,43,30,32,2,safe
commercial,22,197,486,12969,24,97,97,8,safe
commercial,33,163,624,35591,72,83,80,10,safe
residential,29,29,847,36034,72,14,13,9,safe
educational,22,170,832,30306,62,85,87,7,unsafe
commercial,27,91,567,31979,63,45,47,10,unsafe
industrial,16,125,616,18785,35,63,62,6,safe
residential,31,49,198,25879,51,23,24,10,safe
educational,15,149,403,27684,55,76,74,5,unsafe
educational,47,174,823,11537,21,89,88,14,safe
industrial,39,140,879,4499,8,70,70,12,safe
educational,1,125,34,25562,49,61,62,1,safe
commercial,5,42,135,37697,73,20,23,1,safe
commercial,2,171,795,4473,6,85,86,1,safe
commercial,37,148,875,34189,67,76,73,11,safe
residential,37,196,52,3734,8,97,99,13,safe
commercial,42,97,799,24121,46,48,50,14,safe
commercial,16,168,794,15859,30,85,86,4,safe
industrial,46,179,138,37810,75,90,91,15,unsafe
educational,15,62,428,47185,94,30,31,6,safe
industrial,12,18,827,31259,60,9,11,5,safe
educational,3,55,880,38875,78,29,27,1,unsafe
commercial,8,45,74,33588,69,23,23,2,unsafe
educational,38,18,696,38359,76,8,10,13,safe
commercial,40,57,161,34943,71,28,29,13,unsafe
educational,11,16,332,43418,85,8,9,2,safe
residential,42,144,987,5345,11,74,71,15,safe
commercial,36,161,903,24683,47,82,81,13,safe
educational,38,49,816,36644,75,24,25,11,safe
residential,19,16,483,30591,60,9,9,6,safe
industrial,17,29,211,25506,49,15,15,4,safe
industrial,39,60,242,43084,88,30,31,12,safe
commercial,42,125,458,48876,97,64,63,14,unsafe
residential,16,183,992,38685,77,92,91,4,safe
industrial,10,136,792,44720,90,69,68,4,unsafe
residential,43,147,599,29918,58,72,74,14,safe
commercial,21,47,874,17296,34,24,23,7,unsafe
educational,25,104,621,5354,10,52,53,7,safe
industrial,45,177,249,28535,59,88,88,15,unsafe
educational,43,61,413,47982,97,30,32,13,safe
educational,29,191,72,16295,32,96,94,9,safe
educational,20,77,261,38665,76,40,39,6,safe
industrial,46,142,698,30101,59,73,70,16,safe
industrial,40,120,539,20121,38,61,61,12,safe
residential,22,103,80,29153,60,51,50,6,safe
industrial,30,136,463,38573,78,67,67,9,safe
industrial,49,73,906,1934,5,37,38,17,unsafe
industrial,31,162,71,47807,93,80,82,11,safe
residential,10,181,294,6418,11,89,90,3,safe
commercial,45,110,406,43543,87,57,57,16,unsafe
educational,33,58,887,19366,37,30,29,11,safe
residential,2,72,447,28393,54,37,37,1,safe
commercial,25,20,269,23033,46,11,12,8,unsafe
educational,8,95,361,9922,19,48,47,1,safe
educational,50,171,109,12871,27,87,87,17,unsafe
industrial,36,143,664,44951,87,71,71,13,safe
residential,43,36,458,18340,34,19,17,14,safe
industrial,50,189,837,41045,83,96,96,17,unsafe
educational,17,161,555,23299,45,80,81,6,safe
residential,25,117,302,36600,74,60,60,7,safe
residential,15,101,512,48370,94,51,49,5,safe
residential,17,26,807,8558,17,12,13,4,safe
industrial,34,116,376,19296,39,60,58,11,unsafe
residential,11,95,318,3589,9,49,48,4,unsafe
residential,23,14,61,35640,70,6,6,6,safe
industrial,33,65,851,17950,34,34,31,10,safe
commercial,28,34,614,43121,86,17,19,8,safe
educational,32,81,604,4251,6,39,40,9,safe
industrial,37,199,219,46388,91,101,99,13,safe
industrial,13,128,423,37566,77,65,65,4,unsafe
educational,18,150,29,42577,83,77,75,6,safe
residential,18,160,984,4714,7,81,79,7,safe
educational,35,48,845,8997,15,23,24,11,safe
industrial,13,65,679,43905,86,34,34,4,safe
residential,25,8,329,15132,31,3,5,7,safe
industrial,31,200,531,46855,92,100,101,10,safe
educational,41,45,541,34765,67,22,21,14,safe
educational,40,13,16,31447,61,8,8,13,safe
industrial,4,83,603,23575,47,43,43,2,unsafe
industrial,20,121,652,6613,15,60,62,5,safe
educational,26,100,568,46427,90,51,50,8,safe
residential,29,10,926,12488,25,5,7,9,unsafe
commercial,2,37,388,35751,71,19,17,1,safe
commercial,39,138,11,48002,94,68,68,13,safe
educational,49,126,856,46338,93,64,63,17,unsafe
residential,40,99,456,35767,70,50,48,12,safe
residential,19,41,211,5233,8,20,19,6,safe
educational,29,127,168,17253,35,64,63,10,unsafe
educational,21,68,641,49236,97,34,33,7,safe
residential,43,85,684,43029,88,42,41,15,safe
industrial,9,193,40,17086,33,96,97,4,safe
residential,23,145,192,27061,56,73,71,8,safe
residential,36,119,609,38722,78,58,61,12,safe
residential,49,137,772,20059,39,69,67,15,safe
residential,17,33,439,38970,79,16,16,4,safe
industrial,16,20,989,30471,62,11,11,5,unsafe
residential,33,73,888,43792,89,35,37,10,safe
residential,43,15,294,37622,77,6,7,14,safe
residential,18,163,956,26787,54,81,81,5,safe
industrial,5,178,483,40365,80,89,91,1,unsafe
educational,17,127,953,45702,92,64,65,6,unsafe
commercial,24,49,524,35376,69,24,25,9,safe
educational,28,75,689,32980,67,36,38,8,safe
educational,39,99,262,45247,89,48,49,13,safe
commercial,19,140,697,43821,88,72,72,5,safe
residential,41,131,752,47707,95,65,66,12,safe
commercial,8,48,745,22085,42,26,24,2,safe
commercial,15,168,687,16938,32,83,84,4,safe
residential,41,54,905,16454,32,29,29,12,safe
industrial,26,153,685,42929,86,77,75,9,safe
residential,41,190,218,15556,32,97,97,13,unsafe
industrial,1,167,12,17258,35,83,82,1,safe
residential,45,113,380,31689,65,55,55,14,safe
commercial,38,89,245,14158,29,43,44,12,safe
industrial,13,183,392,31402,63,93,91,4,unsafe
residential,26,153,137,15861,29,76,76,7,safe
educational,5,63,625,34248,66,33,30,2,safe
educational,25,140,644,21387,41,70,69,8,safe
industrial,48,72,410,33855,66,38,38,17,safe
industrial,14,48,105,45939,92,23,25,4,safe
commercial,47,91,388,40947,81,44,46,15,safe
residential,15,136,374,8061,15,69,68,6,safe
educational,13,46,143,21142,44,22,25,5,safe
industrial,10,85,24,40017,82,42,42,2,safe
commercial,49,150,515,25194,49,74,77,17,safe
industrial,39,81,210,33292,68,42,42,14,unsafe
industrial,7,23,77,19051,37,12,10,1,safe
residential,31,22,88,33835,66,10,11,9,safe
industrial,2,70,185,42539,84,34,35,1,safe
educational,43,92,623,37147,74,46,47,14,unsafe
residential,50,102,827,42198,82,51,51,17,safe
residential,41,47,356,30022,60,24,23,12,safe
industrial,40,38,715,28842,55,18,20,13,safe
commercial,49,150,809,13865,28,77,76,16,unsafe
industrial,46,7,699,20274,41,2,2,15,safe
commercial,21,48,605,15342,28,24,25,8,safe
educational,12,128,536,23672,47,63,63,3,safe
industrial,48,83,342,12896,24,43,42,17,safe
educational,43,146,168,36261,74,73,75,13,safe
educational,13,132,844,25907,51,65,67,3,safe
residential,8,137,334,48571,99,70,67,1,safe
commercial,17,15,363,44301,87,7,7,4,safe
residential,49,189,784,37046,73,95,95,16,safe
residential,20,176,674,43172,87,88,89,7,unsafe
industrial,9,97,329,39733,81,48,48,4,unsafe
residential,31,53,974,34856,71,25,27,10,safe
industrial,5,7,30,38761,75,2,3,1,safe
commercial,37,165,301,40986,81,84,83,13,unsafe
industrial,2,143,448,2515,3,73,73,1,safe
commercial,4,189,783,37312,76,94,93,1,safe
educational,21,137,492,23663,49,67,67,8,safe
industrial,18,194,347,30100,61,96,98,7,safe
residential,17,160,338,1635,1,81,79,5,safe
industrial,23,13,455,20335,38,8,8,8,safe
commercial,12,137,883,26253,53,67,69,5,safe
industrial,18,135,994,7476,14,69,68,6,unsafe
commercial,40,19,697,3048,5,9,11,13,safe
commercial,2,27,959,36817,73,13,14,1,unsafe
commercial,39,140,884,31813,61,70,70,14,safe
educational,2,181,25,30551,63,90,92,1,unsafe
residential,32,124,56,40485,79,64,64,9,safe
educational,42,132,327,36492,73,67,67,13,safe
residential,49,101,144,42329,82,50,49,17,safe
educational,39,14,905,49602,101,8,8,12,safe
commercial,32,20,790,23113,47,11,9,10,safe
industrial,8,91,49,36811,71,47,46,1,safe
educational,29,195,599,19829,37,97,99,9,safe
educational,1,29,824,32901,66,13,14,1,safe
residential,22,76,434,3619,7,40,39,8,unsafe
commercial,44,145,104,299,1,71,73,13,safe
industrial,32,139,639,45653,93,70,71,11,unsafe
educational,10,114,939,25106,48,56,58,3,safe
commercial,14,67,853,26939,54,34,34,4,unsafe
residential,5,138,832,44837,87,69,71,2,safe
residential,8,76,763,29002,59,37,40,3,safe
commercial,9,163,559,24363,47,80,81,2,safe
residential,11,70,414,26379,53,34,36,2,safe
educational,7,120,922,24638,47,61,61,1,safe
educational,30,185,386,34605,70,92,93,11,unsafe
industrial,50,106,704,21952,41,52,53,16,safe
educational,35,143,220,17111,36,70,72,11,safe
commercial,39,154,184,17209,33,77,77,13,safe
educational,38,162,325,6693,12,80,80,12,safe
educational,27,63,454,31651,62,30,33,10,safe
commercial,42,174,472,19333,37,87,88,14,safe
commercial,29,189,797,13677,25,95,94,8,safe
commercial,5,87,602,7586,15,42,44,1,safe
commercial,27,16,100,21717,45,10,7,10,safe
residential,16,89,397,33772,65,46,46,6,safe
industrial,16,161,834,4235,6,79,82,6,safe
industrial,31,81,848,31944,65,41,40,10,unsafe
educational,44,91,123,9043,18,44,45,14,safe
commercial,16,51,25,24911,50,25,26,5,unsafe
industrial,50,103,655,27273,55,51,52,17,unsafe
commercial,17,8,560,36660,74,5,4,5,unsafe
commercial,31,122,17,47638,95,61,61,10,unsafe
industrial,35,85,931,30583,63,42,42,12,unsafe
industrial,37,62,866,48022,97,32,33,13,unsafe
commercial,2,180,628,25292,48,90,90,1,safe
commercial,17,130,589,10458,20,65,65,5,unsafe
residential,15,149,341,12953,27,75,76,5,unsafe
commercial,36,118,975,23465,48,58,58,11,safe
industrial,16,75,233,46749,92,37,37,5,safe
commercial,15,156,393,4978,11,78,80,6,unsafe
commercial,43,51,76,22969,44,27,24,14,safe
industrial,11,64,723,18630,39,34,34,2,safe
residential,22,139,187,2263,5,70,70,6,safe
educational,5,118,550,30594,62,58,61,1,safe
industrial,37,181,328,30761,62,89,92,13,safe
commercial,5,127,481,48387,94,62,63,1,safe
commercial,10,74,488,8731,19,37,37,4,unsafe
industrial,34,56,454,937,3,29,28,11,unsafe
educational,5,86,956,3198,8,43,43,1,unsafe
residential,3,36,221,14131,26,18,17,1,safe
educational,26,195,872,16397,30,99,96,9,safe
industrial,23,171,986,26214,51,86,87,6,safe
residential,32,171,363,23017,46,86,85,9,safe
commercial,16,73,972,3832,6,37,35,5,safe
commercial,32,128,527,469,1,65,66,9,safe
educational,26,164,44,14678,30,81,82,8,safe
commercial,28,73,328,15429,29,37,35,8,safe
educational,10,72,578,23889,48,38,38,3,unsafe
residential,38,189,186,41620,84,96,93,13,safe
commercial,3,41,516,21788,45,21,22,1,unsafe
industrial,20,107,589,39490,78,52,55,6,safe
residential,18,54,639,19101,38,26,29,7,safe
commercial,20,182,186,33693,66,92,90,5,safe
commercial,36,89,767,934,3,46,44,11,safe
educational,48,157,653,22935,46,80,77,17,safe
commercial,38,153,558,26759,52,77,77,13,safe
industrial,36,177,454,26417,53,89,89,12,unsafe
industrial,22,148,669,5801,12,74,75,6,safe
residential,36,55,695,10540,22,26,26,11,safe
residential,20,85,653,43253,86,44,44,7,unsafe
industrial,8,143,24,16425,32,73,70,2,safe
residential,3,24,216,5410,10,13,14,1,unsafe
commercial,24,193,987,36686,72,98,96,8,safe
residential,28,109,508,13815,27,56,53,10,safe
residential,40,74,888,37278,76,39,39,14,unsafe
educational,42,15,380,32749,64,9,6,14,safe
residential,18,141,201,31103,63,72,69,7,safe
educational,48,193,576,43019,86,97,95,16,safe
residential,18,44,216,21348,44,23,23,6,unsafe
educational,49,36,192,33719,65,20,20,16,safe
industrial,16,160,476,47421,96,81,80,5,unsafe
commercial,17,80,965,44050,90,42,41,4,safe
commercial,44,183,38,27414,53,93,93,14,safe
educational,8,161,234,14266,29,81,80,2,unsafe
industrial,49,71,597,37106,73,37,37,16,safe
commercial,30,158,846,35297,68,79,78,9,safe
industrial,17,96,163,4162,7,47,48,6,safe
industrial,39,104,131,27286,54,54,51,14,safe
commercial,25,29,818,14925,30,13,16,7,safe
residential,17,79,136,37874,77,39,40,4,safe
industrial,10,122,32,29202,60,61,62,2,safe
educational,50,60,934,44179,87,32,29,15,safe
educational,23,20,216,20985,42,12,10,7,unsafe
commercial,7,99,887,21846,42,51,51,1,safe
residential,16,62,804,4189,8,32,30,5,safe
industrial,46,96,650,47573,97,50,48,14,safe
commercial,32,133,275,348,1,68,65,11,safe
residential,3,59,634,748,1,31,29,1,unsafe
educational,17,50,346,36103,74,25,25,6,unsafe
residential,50,156,689,44020,86,79,78,15,safe
commercial,38,5,24,29699,60,1,3,11,safe
educational,26,92,156,47948,97,47,46,8,unsafe
industrial,26,89,26,27552,56,44,44,7,safe
commercial,39,14,699,28496,58,6,7,14,safe
educational,15,176,926,34569,69,88,88,4,safe
educational,44,150,21,4796,10,77,76,14,unsafe
educational,19,109,740,11141,21,56,55,7,safe
residential,24,66,880,26328,50,32,34,8,safe
commercial,39,6,202,4673,11,2,3,12,safe
industrial,30,187,297,25394,51,92,93,10,safe
commercial,40,21,350,36903,75,11,10,12,safe
industrial,46,114,509,45569,89,58,58,15,safe
residential,28,43,818,27506,57,21,22,9,unsafe
commercial,13,110,92,21245,40,55,55,4,safe
industrial,21,132,311,43161,85,68,66,6,safe
residential,2,41,268,8755,17,21,21,1,unsafe
commercial,47,89,554,22582,47,45,44,14,safe
industrial,25,145,51,9772,20,74,73,8,unsafe
residential,19,99,910,39245,80,50,51,6,unsafe
educational,14,65,650,19298,36,31,34,4,safe
residential,42,37,97,8608,18,19,20,13,safe
industrial,27,118,508,26782,55,60,61,10,unsafe
industrial,25,82,826,844,1,40,42,7,safe
residential,20,90,327,45968,90,47,45,7,safe
residential,7,43,184,42291,85,20,21,3,safe
residential,7,25,226,46409,92,14,13,3,unsafe
industrial,41,189,932,38723,77,95,96,14,unsafe
industrial,44,76,249,17146,33,39,38,14,safe
educational,10,25,101,23611,49,11,13,2,safe
educational,24,115,230,36823,75,56,56,9,safe
commercial,15,44,881,1269,1,23,22,5,safe
residential,25,67,689,39760,81,34,32,9,safe
commercial,50,82,828,39072,77,42,41,17,safe
residential,32,38,994,6408,10,20,18,11,safe
industrial,7,54,713,26888,54,27,28,3,unsafe
commercial,42,185,553,823,1,93,92,15,unsafe
industrial,21,61,772,45512,92,30,32,6,safe
industrial,13,149,831,27537,54,74,76,3,safe
commercial,2,174,17,3515,8,89,86,1,safe
commercial,19,34,329,23598,48,19,18,5,safe
residential,47,138,244,1630,3,70,71,15,unsafe
educational,1,39,658,29792,61,18,20,1,safe
industrial,5,194,740,1115,1,99,98,2,safe
industrial,24,72,911,2432,4,35,37,9,safe
commercial,25,92,945,36253,74,46,46,9,unsafe
industrial,17,26,327,40628,79,13,14,5,safe
residential,38,172,537,7260,13,86,87,11,safe
residential,50,196,455,48007,97,98,97,15,safe
industrial,46,119,12,15873,33,61,61,15,unsafe
industrial,22,35,984,4028,8,18,19,8,unsafe
industrial,30,171,699,12118,25,85,87,9,safe
commercial,12,184,258,21554,45,91,94,4,safe
residential,19,87,701,44152,88,43,42,6,safe
educational,27,35,54,31052,64,16,16,9,safe
industrial,4,172,213,35721,72,87,88,2,unsafe
residential,49,182,460,6892,12,92,91,15,safe
industrial,11,60,938,1845,5,30,32,3,unsafe
educational,48,99,237,13414,27,48,51,16,safe
industrial,8,82,453,407,1,41,40,2,safe
industrial,48,120,122,44176,88,61,62,17,unsafe
residential,2,25,469,8168,17,12,11,1,safe
commercial,23,73,791,27516,55,35,38,6,safe
residential,25,13,89,3880,9,6,8,8,unsafe
industrial,25,96,955,38353,75,48,50,9,safe
commercial,38,106,679,34303,69,54,53,11,safe
commercial,1,83,925,29678,60,42,42,1,unsafe
educational,27,198,195,43361,86,101,100,8,safe
industrial,46,107,156,10857,19,54,54,16,safe
educational,7,173,571,40815,83,86,87,3,unsafe
residential,25,119,243,18708,36,60,59,7,safe
industrial,24,189,278,31269,60,96,94,8,safe
industrial,4,69,266,6416,12,33,33,1,safe
residential,38,87,759,39722,81,43,42,11,safe
educational,9,153,96,29219,59,78,78,4,unsafe
industrial,15,158,327,28889,55,81,79,6,safe
residential,31,153,465,23993,49,76,75,10,safe
industrial,28,177,754,11801,22,89,87,9,safe
educational,21,17,208,11019,20,10,8,8,safe
commercial,9,197,259,39896,77,98,97,4,safe
educational,23,191,852,49873,98,96,94,8,safe
industrial,20,26,352,10018,18,14,13,6,safe
residential,18,155,436,18347,37,76,76,7,safe
residential,1,7,676,20294,40,2,5,1,safe
residential,40,36,665,10211,21,17,20,14,safe
educational,38,88,896,37731,73,43,45,13,safe
residential,24,171,517,9670,19,84,87,7,safe
industrial,35,34,221,44939,91,19,17,11,unsafe
residential,30,157,106,29832,58,80,78,10,safe
educational,27,102,352,27939,57,51,52,8,safe
residential,40,145,175,34949,71,72,72,12,safe
industrial,37,117,710,42444,84,57,60,12,safe
industrial,8,161,691,7379,12,79,80,3,safe
residential,17,110,653,33447,67,55,55,5,unsafe
industrial,25,48,339,30137,60,23,25,7,safe
commercial,29,190,497,14854,27,97,96,10,safe
commercial,12,15,132,4634,10,7,6,3,safe
residential,10,50,523,30822,63,25,24,2,safe
commercial,6,124,119,38428,75,63,61,2,safe
commercial,18,50,768,1417,3,27,27,7,unsafe
educational,10,64,465,29596,59,34,32,4,unsafe
residential,14,111,706,35415,70,56,56,4,unsafe
commercial,49,173,520,48982,96,85,88,16,safe
educational,18,14,632,14736,28,7,6,6,safe
commercial,8,113,626,3287,6,55,58,3,safe
residential,32,70,943,31608,61,37,36,11,safe
educational,7,126,39,48647,97,64,64,3,unsafe
educational,43,162,791,15988,31,81,82,15,unsafe
educational,8,21,89,49677,99,10,9,2,safe
educational,31,65,427,29434,59,32,31,11,safe
commercial,29,11,83,30932,61,5,6,10,unsafe
commercial,21,127,38,25881,52,64,62,8,safe
industrial,21,91,993,35348,69,47,47,8,safe
educational,43,132,677,43140,85,66,65,15,safe
educational,18,80,682,14585,28,42,42,5,safe
industrial,30,16,215,20322,39,9,9,11,safe
residential,18,50,780,22616,46,26,27,5,safe
commercial,32,55,470,37525,76,26,28,9,safe
educational,44,80,77,32345,62,42,42,14,safe
commercial,15,62,659,15571,30,30,30,4,safe
educational,36,41,759,45196,92,20,20,13,unsafe
industrial,44,61,313,5864,11,29,30,15,safe
residential,5,119,10,36285,74,58,61,1,safe
industrial,8,197,625,35635,69,100,98,1,safe
commercial,24,127,80,45544,89,64,65,8,safe
commercial,47,140,295,44157,88,71,71,16,unsafe
educational,21,134,772,45528,89,69,67,7,safe
educational,14,169,211,1101,1,83,85,4,safe
commercial,43,171,976,43215,85,85,86,14,safe
educational,21,123,413,47836,96,60,62,6,safe
educational,23,83,97,28749,55,40,43,6,safe
industrial,6,155,850,11077,21,77,77,1,safe
commercial,41,72,119,22582,47,37,38,12,safe
commercial,37,44,255,36788,74,24,22,12,unsafe
commercial,22,94,43,38808,75,48,48,8,safe
residential,21,175,567,47804,93,86,87,6,safe
industrial,18,137,851,26216,53,70,70,5,safe
educational,18,78,965,31534,62,41,38,5,safe
educational,36,104,357,47179,95,51,51,11,safe
commercial,36,194,174,25439,52,99,98,13,unsafe
residential,49,185,374,5535,9,91,94,17,safe
residential,1,123,996,9610,18,63,61,1,safe
commercial,15,107,351,6532,12,52,55,4,safe
commercial,44,166,629,17860,37,83,83,15,unsafe
educational,21,175,955,20335,40,88,89,8,unsafe
residential,35,64,649,34750,67,31,32,11,safe
industrial,34,177,370,27028,56,88,88,12,unsafe
